tweetId,strategyId,annotationId,startTime,end_time,surveycode,fluency,informativeness,persuasiveness,soundness,fluency2,informativeness2,persuasiveness2,soundness2,hatefulness
1,1,1,2023-01-08 00:32:38,2023-01-08 00:33:10,SXrSowLUZUNvOyrw,-1,-1,-1,-1,-1,-1,-1,-1,1
1,1,3,2023-01-08 00:32:57,2023-01-08 00:33:12,jeroq8MuU0iLBKgE,-1,-1,-1,-1,-1,-1,-1,-1,4
1,1,2,2023-01-08 00:32:56,2023-01-08 00:33:36,YqOTyMOjGNCmBRS9,-1,-1,-1,-1,-1,-1,-1,-1,4
2,1,3,2023-01-08 00:33:35,2023-01-08 00:33:50,dkzcibn3tXbW6bg9,-1,-1,-1,-1,-1,-1,-1,-1,2
3,1,1,2023-01-08 00:33:35,2023-01-08 00:33:51,ITD9TOfISq5dY13X,-1,-1,-1,-1,-1,-1,-1,-1,2
2,1,1,2023-01-08 00:32:57,2023-01-08 00:34:04,qMyfmd5kqQXFrCg6,-1,-1,-1,-1,-1,-1,-1,-1,1
2,1,2,2023-01-08 00:33:19,2023-01-08 00:34:12,oB6wfYTYN69W8rWL,-1,-1,-1,-1,-1,-1,-1,-1,4
4,1,1,2023-01-08 00:33:47,2023-01-08 00:34:30,GkFxvNhxhyykJtfn,-1,-1,-1,-1,-1,-1,-1,-1,4
3,1,3,2023-01-08 00:33:42,2023-01-08 00:34:33,b5YgB2n8TPAmb8j0,-1,-1,-1,-1,-1,-1,-1,-1,1
6,1,2,2023-01-08 00:34:22,2023-01-08 00:34:45,1PV5vsSXyXSxfd8O,-1,-1,-1,-1,-1,-1,-1,-1,4
6,1,1,2023-01-08 00:34:02,2023-01-08 00:34:48,SBOo1aGSmHBJzPbR,-1,-1,-1,-1,-1,-1,-1,-1,1
5,1,3,2023-01-08 00:34:00,2023-01-08 00:35:00,Ja2k5QdbqcR2AaYr,-1,-1,-1,-1,-1,-1,-1,-1,4
6,1,3,2023-01-08 00:34:25,2023-01-08 00:35:03,9CiIfZIfUkCqul8F,-1,-1,-1,-1,-1,-1,-1,-1,1
7,1,2,2023-01-08 00:34:58,2023-01-08 00:35:10,aVMRCjmYees3Aw15,-1,-1,-1,-1,-1,-1,-1,-1,2
5,1,1,2023-01-08 00:33:53,2023-01-08 00:35:34,KuenZHz138YFAtNO,-1,-1,-1,-1,-1,-1,-1,-1,5
7,1,1,2023-01-08 00:34:53,2023-01-08 00:35:38,63XtIx72exULqwfW,-1,-1,-1,-1,-1,-1,-1,-1,1
8,1,1,2023-01-08 00:35:34,2023-01-08 00:35:49,sTLk39sgHAqkyBXu,-1,-1,-1,-1,-1,-1,-1,-1,5
7,1,3,2023-01-08 00:35:01,2023-01-08 00:36:16,pUZfeNBvzD2XGGDC,-1,-1,-1,-1,-1,-1,-1,-1,4
4,1,3,2023-01-08 00:33:52,2023-01-08 00:36:32,WOlICjzBtF3Yq9jg,-1,-1,-1,-1,-1,-1,-1,-1,5
9,1,1,2023-01-08 00:36:01,2023-01-08 00:36:44,wmWMOTcgr070RmZd,-1,-1,-1,-1,-1,-1,-1,-1,4
8,1,2,2023-01-08 00:36:43,2023-01-08 00:37:04,KE1OcgGZGVpUMIAA,-1,-1,-1,-1,-1,-1,-1,-1,1
9,1,3,2023-01-08 00:37:00,2023-01-08 00:37:59,xFWveeC2QIH30bwu,-1,-1,-1,-1,-1,-1,-1,-1,3
10,1,1,2023-01-08 00:37:26,2023-01-08 00:38:01,5eb5w9gUUWuJW1Tg,-1,-1,-1,-1,-1,-1,-1,-1,2
10,1,2,2023-01-08 00:37:45,2023-01-08 00:38:09,CczJao0TCYNZksur,-1,-1,-1,-1,-1,-1,-1,-1,5
8,1,3,2023-01-08 00:36:00,2023-01-08 00:38:15,Y70X9eyQKZvsQfuo,-1,-1,-1,-1,-1,-1,-1,-1,1
9,1,2,2023-01-08 00:36:14,2023-01-08 00:38:19,uRbCYscV5e4qszDX,-1,-1,-1,-1,-1,-1,-1,-1,4
10,1,3,2023-01-08 00:38:06,2023-01-08 00:39:04,B8971d9H5W7D40KX,-1,-1,-1,-1,-1,-1,-1,-1,3
11,1,1,2023-01-08 00:38:55,2023-01-08 00:39:18,biQcfD9AVNOpWqaz,-1,-1,-1,-1,-1,-1,-1,-1,1
11,1,3,2023-01-08 00:39:06,2023-01-08 00:39:35,U1xS6jpyv7GwgOVr,-1,-1,-1,-1,-1,-1,-1,-1,1
11,1,2,2023-01-08 00:38:57,2023-01-08 00:39:50,4AkXwKq1vqAZWqMT,-1,-1,-1,-1,-1,-1,-1,-1,4
12,1,1,2023-01-08 00:39:51,2023-01-08 00:40:14,DndkvahgeH0JP8aj,-1,-1,-1,-1,-1,-1,-1,-1,2
12,1,2,2023-01-08 00:40:00,2023-01-08 00:40:33,ZnVQ0WeqVsarDaq3,-1,-1,-1,-1,-1,-1,-1,-1,1
13,1,2,2023-01-08 00:41:02,2023-01-08 00:41:21,VTXkfzZZF0YStyTp,-1,-1,-1,-1,-1,-1,-1,-1,4
13,1,1,2023-01-08 00:40:54,2023-01-08 00:41:29,TF61ARM4wzUr3kfn,-1,-1,-1,-1,-1,-1,-1,-1,4
13,1,3,2023-01-08 00:41:11,2023-01-08 00:41:52,FDGw7a9VO2UHVxHt,-1,-1,-1,-1,-1,-1,-1,-1,5
14,1,1,2023-01-08 00:42:25,2023-01-08 00:42:39,FuAsxfg439w9MyB7,-1,-1,-1,-1,-1,-1,-1,-1,5
14,1,2,2023-01-08 00:42:30,2023-01-08 00:42:54,jSOI3F6lqLalxp10,-1,-1,-1,-1,-1,-1,-1,-1,4
14,1,3,2023-01-08 00:42:30,2023-01-08 00:42:59,hXfYvWduHtshkdio,-1,-1,-1,-1,-1,-1,-1,-1,2
4,1,2,2023-01-08 00:33:51,2023-01-08 00:43:03,ugjpaAxntMivlMA8,-1,-1,-1,-1,-1,-1,-1,-1,1
15,1,1,2023-01-08 00:43:24,2023-01-08 00:43:59,18DDUBmaDPO5uiLX,-1,-1,-1,-1,-1,-1,-1,-1,4
16,1,1,2023-01-08 00:43:38,2023-01-08 00:44:05,zTCejXXIZTsnk5Xk,-1,-1,-1,-1,-1,-1,-1,-1,1
15,1,2,2023-01-08 00:43:26,2023-01-08 00:44:07,325d207IjqjMbSHo,-1,-1,-1,-1,-1,-1,-1,-1,4
12,1,3,2023-01-08 00:40:54,2023-01-08 00:44:14,oeRmN0HOzwR3wutw,-1,-1,-1,-1,-1,-1,-1,-1,5
15,1,3,2023-01-08 00:43:38,2023-01-08 00:44:34,Fw7j7EYBO0tiqQ45,-1,-1,-1,-1,-1,-1,-1,-1,3
16,1,2,2023-01-08 00:44:01,2023-01-08 00:44:46,T3stVNPvKRrKVB7E,-1,-1,-1,-1,-1,-1,-1,-1,1
17,1,1,2023-01-08 00:44:54,2023-01-08 00:45:04,E1t2JIWZ9FxC23V1,-1,-1,-1,-1,-1,-1,-1,-1,5
16,1,3,2023-01-08 00:44:45,2023-01-08 00:45:04,F8MO8ME460dpvD4S,-1,-1,-1,-1,-1,-1,-1,-1,5
17,1,2,2023-01-08 00:44:55,2023-01-08 00:45:27,roo2fGRcAZKPThnd,-1,-1,-1,-1,-1,-1,-1,-1,3
18,1,1,2023-01-08 00:45:44,2023-01-08 00:45:57,3WtvpIzgcE7vhFzd,-1,-1,-1,-1,-1,-1,-1,-1,1
17,1,3,2023-01-08 00:45:34,2023-01-08 00:45:59,nsMwvTwu8K00WJMO,-1,-1,-1,-1,-1,-1,-1,-1,1
19,1,1,2023-01-08 00:46:44,2023-01-08 00:47:24,fXbAGQItiPpADsFq,-1,-1,-1,-1,-1,-1,-1,-1,1
19,1,2,2023-01-08 00:48:02,2023-01-08 00:48:35,fxUx9dKt9tW2s2AJ,-1,-1,-1,-1,-1,-1,-1,-1,1
19,1,3,2023-01-08 00:48:17,2023-01-08 00:48:35,ZSBnQdPNY9oiaSkF,-1,-1,-1,-1,-1,-1,-1,-1,1
18,1,2,2023-01-08 00:45:49,2023-01-08 00:48:43,xEGlMbZiuYePi4aK,-1,-1,-1,-1,-1,-1,-1,-1,5
20,1,1,2023-01-08 00:48:45,2023-01-08 00:49:13,n47o6Sx0mWHb9hQA,-1,-1,-1,-1,-1,-1,-1,-1,1
3,1,2,2023-01-08 00:50:13,2023-01-08 00:50:47,nF1Ed5DQBIa7cENd,-1,-1,-1,-1,-1,-1,-1,-1,1
21,1,1,2023-01-08 00:51:31,2023-01-08 00:51:49,RRDzLatA3XaitkhY,-1,-1,-1,-1,-1,-1,-1,-1,1
20,1,3,2023-01-08 00:51:17,2023-01-08 00:52:03,bZnUPsmsMHp3d2LP,-1,-1,-1,-1,-1,-1,-1,-1,5
5,1,2,2023-01-08 00:50:40,2023-01-08 00:52:04,9kRAHESizUl4x5d5,-1,-1,-1,-1,-1,-1,-1,-1,4
21,1,3,2023-01-08 00:52:17,2023-01-08 00:52:44,YR59i3AKosXj0PkP,-1,-1,-1,-1,-1,-1,-1,-1,1
21,1,2,2023-01-08 00:51:37,2023-01-08 00:53:08,Sppu9LoH35FQhqGD,-1,-1,-1,-1,-1,-1,-1,-1,5
20,1,2,2023-01-08 00:51:15,2023-01-08 00:54:22,Vt0ECr3Bt3P18qRy,-1,-1,-1,-1,-1,-1,-1,-1,5
22,1,2,2023-01-08 00:53:35,2023-01-08 00:54:23,RrE9A1HthopLQ5YG,-1,-1,-1,-1,-1,-1,-1,-1,2
23,1,1,2023-01-08 00:55:51,2023-01-08 00:56:47,s845PYYiEOf2Y314,-1,-1,-1,-1,-1,-1,-1,-1,5
22,1,3,2023-01-08 00:55:14,2023-01-08 00:56:54,2JCmiM71l4RL98No,-1,-1,-1,-1,-1,-1,-1,-1,1
23,1,3,2023-01-08 00:57:39,2023-01-08 00:58:45,ud8Hm5QgMdLpPpUH,-1,-1,-1,-1,-1,-1,-1,-1,5
23,1,2,2023-01-08 00:57:24,2023-01-08 00:59:13,IKdHhw5GAmC0LRQ9,-1,-1,-1,-1,-1,-1,-1,-1,3
24,1,2,2023-01-08 01:00:41,2023-01-08 01:01:06,Mn56iYsGF8y0CyFm,-1,-1,-1,-1,-1,-1,-1,-1,1
24,1,1,2023-01-08 01:00:38,2023-01-08 01:01:11,aF2HeBx27fKtSjnG,-1,-1,-1,-1,-1,-1,-1,-1,1
24,1,3,2023-01-08 01:01:29,2023-01-08 01:01:42,32ahzqZCHZXaPTTZ,-1,-1,-1,-1,-1,-1,-1,-1,1
18,1,3,2023-01-08 01:02:43,2023-01-08 01:03:00,MszAg16aXayV3wR6,-1,-1,-1,-1,-1,-1,-1,-1,1
25,1,1,2023-01-08 01:03:38,2023-01-08 01:04:37,v3t6DqaLjPAxjKmQ,-1,-1,-1,-1,-1,-1,-1,-1,1
25,1,3,2023-01-08 01:04:38,2023-01-08 01:05:06,HXu0hsuZZuAaS84i,-1,-1,-1,-1,-1,-1,-1,-1,1
26,1,1,2023-01-08 01:04:54,2023-01-08 01:05:29,3bCjsAlhOwBoOtV5,-1,-1,-1,-1,-1,-1,-1,-1,2
25,1,2,2023-01-08 01:04:16,2023-01-08 01:05:48,MfpDUzWZ5gmzjyHz,-1,-1,-1,-1,-1,-1,-1,-1,4
26,1,3,2023-01-08 01:05:52,2023-01-08 01:06:19,Yr4LiCjtzc8hcr8b,-1,-1,-1,-1,-1,-1,-1,-1,1
26,1,2,2023-01-08 01:05:35,2023-01-08 01:06:35,KPP0fexjqXWfhzLT,-1,-1,-1,-1,-1,-1,-1,-1,3
27,1,1,2023-01-08 01:06:57,2023-01-08 01:07:57,PhpNLRsqUNUDKXC9,-1,-1,-1,-1,-1,-1,-1,-1,1
27,1,2,2023-01-08 01:07:39,2023-01-08 01:08:30,EIXc6W2fDnmY6Uyh,-1,-1,-1,-1,-1,-1,-1,-1,2
22,1,1,2023-01-08 01:08:10,2023-01-08 01:08:50,xBC6NDLNa7U1Ylsr,-1,-1,-1,-1,-1,-1,-1,-1,2
27,1,3,2023-01-08 01:10:42,2023-01-08 01:11:09,vGsGUJgfBxpbQ2Ti,-1,-1,-1,-1,-1,-1,-1,-1,4
28,1,2,2023-01-08 01:13:11,2023-01-08 01:13:27,OiM2SzQdD2iE1Lq8,-1,-1,-1,-1,-1,-1,-1,-1,4
28,1,1,2023-01-08 01:12:05,2023-01-08 01:14:56,izIdVWjJ2extQgxF,-1,-1,-1,-1,-1,-1,-1,-1,5
28,1,3,2023-01-08 01:14:45,2023-01-08 01:15:39,gzkxYIOyUBXt9x0e,-1,-1,-1,-1,-1,-1,-1,-1,4
29,1,1,2023-01-08 01:15:21,2023-01-08 01:15:44,PEUEQW8bGDJp8hy8,-1,-1,-1,-1,-1,-1,-1,-1,5
29,1,3,2023-01-08 01:18:34,2023-01-08 01:18:55,Kx8YuUksm1a4grgF,-1,-1,-1,-1,-1,-1,-1,-1,5
29,1,2,2023-01-08 01:18:22,2023-01-08 01:19:01,ysJxhx06sEKQMmz6,-1,-1,-1,-1,-1,-1,-1,-1,5
30,1,2,2023-01-08 01:19:06,2023-01-08 01:19:22,Ag7x4mwtvodGRhhH,-1,-1,-1,-1,-1,-1,-1,-1,4
30,1,1,2023-01-08 01:18:41,2023-01-08 01:20:57,jWbsTrN9Ncw2C9Ze,-1,-1,-1,-1,-1,-1,-1,-1,2
30,1,3,2023-01-08 01:20:59,2023-01-08 01:21:22,lTQ2vbqVpWdi4nUR,-1,-1,-1,-1,-1,-1,-1,-1,4
31,1,1,2023-01-08 01:21:02,2023-01-08 01:21:40,BViiK8NVTIIaruLq,-1,-1,-1,-1,-1,-1,-1,-1,4
31,1,3,2023-01-08 01:24:13,2023-01-08 01:24:39,pPZaTKhINv44VtCz,-1,-1,-1,-1,-1,-1,-1,-1,4
32,1,1,2023-01-08 01:24:14,2023-01-08 01:24:53,eTn40207v8eodwzH,-1,-1,-1,-1,-1,-1,-1,-1,5
32,1,2,2023-01-08 01:28:07,2023-01-08 01:28:48,pIAMC7Qj15HMSYDb,-1,-1,-1,-1,-1,-1,-1,-1,5
32,1,3,2023-01-08 01:32:11,2023-01-08 01:32:48,RlemDlcTYm0xefjX,-1,-1,-1,-1,-1,-1,-1,-1,5
33,1,1,2023-01-08 01:33:02,2023-01-08 01:34:15,lRMHSbegoSavcrEk,-1,-1,-1,-1,-1,-1,-1,-1,4
33,1,3,2023-01-08 01:34:03,2023-01-08 01:34:46,y9XUhYc3a5SDVu01,-1,-1,-1,-1,-1,-1,-1,-1,1
33,1,2,2023-01-08 01:33:08,2023-01-08 01:34:50,n5lST4jzIXwCPhSa,-1,-1,-1,-1,-1,-1,-1,-1,5
34,1,1,2023-01-08 01:34:28,2023-01-08 01:35:30,YNtPD1SxBwyD5jL0,-1,-1,-1,-1,-1,-1,-1,-1,4
34,1,2,2023-01-08 01:35:43,2023-01-08 01:36:37,ScJcCRDIlCgWylSd,-1,-1,-1,-1,-1,-1,-1,-1,5
34,1,3,2023-01-08 01:35:56,2023-01-08 01:36:38,QVL6r9GZ3GjvRHCJ,-1,-1,-1,-1,-1,-1,-1,-1,2
31,1,2,2023-01-08 01:37:40,2023-01-08 01:38:08,ugR5N0SLXuKot6FA,-1,-1,-1,-1,-1,-1,-1,-1,5
35,1,2,2023-01-08 01:40:18,2023-01-08 01:40:43,azLxGCZjIjyGVLY1,-1,-1,-1,-1,-1,-1,-1,-1,5
35,1,3,2023-01-08 01:42:29,2023-01-08 01:43:30,L6BG5ZOr6FYXgzse,-1,-1,-1,-1,-1,-1,-1,-1,2
36,1,2,2023-01-08 01:43:21,2023-01-08 01:43:47,AF0KEQA2kMl2vf7E,-1,-1,-1,-1,-1,-1,-1,-1,2
36,1,3,2023-01-08 01:43:44,2023-01-08 01:44:12,qUm3Yg8zwCBXIJlz,-1,-1,-1,-1,-1,-1,-1,-1,2
36,1,1,2023-01-08 01:42:57,2023-01-08 01:44:18,HqzZxBQM0Mf0iMH2,-1,-1,-1,-1,-1,-1,-1,-1,3
37,1,1,2023-01-08 01:45:21,2023-01-08 01:45:39,L5QK0TGCJngJN22N,-1,-1,-1,-1,-1,-1,-1,-1,3
37,1,2,2023-01-08 01:47:08,2023-01-08 01:47:22,GKtnxulzS8HgHILR,-1,-1,-1,-1,-1,-1,-1,-1,4
38,1,1,2023-01-08 01:51:32,2023-01-08 01:51:50,KbESDHkMns8scd2P,-1,-1,-1,-1,-1,-1,-1,-1,4
37,1,3,2023-01-08 01:51:15,2023-01-08 01:52:11,Lr7mYs2VHqS8LnwA,-1,-1,-1,-1,-1,-1,-1,-1,4
35,1,1,2023-01-08 01:52:40,2023-01-08 01:53:27,Hwe94mSAAk0AlKuP,-1,-1,-1,-1,-1,-1,-1,-1,4
38,1,2,2023-01-08 01:53:01,2023-01-08 01:53:31,P8ZN01HqlCvVIofI,-1,-1,-1,-1,-1,-1,-1,-1,4
38,1,3,2023-01-08 01:53:28,2023-01-08 01:53:57,eKBumNTvQnHS0gvY,-1,-1,-1,-1,-1,-1,-1,-1,3
39,1,1,2023-01-08 01:57:00,2023-01-08 01:57:11,lNpRhKIRgsKK3wCj,-1,-1,-1,-1,-1,-1,-1,-1,2
39,1,3,2023-01-08 02:01:33,2023-01-08 02:02:03,dB6KCzwFDtkXq4eA,-1,-1,-1,-1,-1,-1,-1,-1,2
39,1,2,2023-01-08 02:01:11,2023-01-08 02:02:04,wSuWnil25BDslMjr,-1,-1,-1,-1,-1,-1,-1,-1,4
40,1,1,2023-01-08 02:01:57,2023-01-08 02:02:48,yEG4UKxjYHeElSq7,-1,-1,-1,-1,-1,-1,-1,-1,5
40,1,2,2023-01-08 02:02:44,2023-01-08 02:03:40,LHusl7bf4INfnkhd,-1,-1,-1,-1,-1,-1,-1,-1,5
41,1,1,2023-01-08 02:09:01,2023-01-08 02:09:18,k5L2MJ788nUNGCYs,-1,-1,-1,-1,-1,-1,-1,-1,4
41,1,2,2023-01-08 02:09:22,2023-01-08 02:10:25,Bxq3dmY8DDqlTRUy,-1,-1,-1,-1,-1,-1,-1,-1,3
41,1,3,2023-01-08 02:13:21,2023-01-08 02:13:41,h5SyslSEKYogIp9k,-1,-1,-1,-1,-1,-1,-1,-1,5
42,1,1,2023-01-08 02:14:13,2023-01-08 02:14:48,sro5LRXjYYyM6ztK,-1,-1,-1,-1,-1,-1,-1,-1,4
42,1,2,2023-01-08 02:15:10,2023-01-08 02:15:42,a7B3ymD7wiuzezYa,-1,-1,-1,-1,-1,-1,-1,-1,1
42,1,3,2023-01-08 02:15:16,2023-01-08 02:16:01,XzD9mntrhfxDpNGv,-1,-1,-1,-1,-1,-1,-1,-1,4
43,1,1,2023-01-08 02:16:46,2023-01-08 02:17:04,fr4UvrHCziY1BhKW,-1,-1,-1,-1,-1,-1,-1,-1,5
43,1,2,2023-01-08 02:17:48,2023-01-08 02:18:24,S4y8I2iTUDK74Ifz,-1,-1,-1,-1,-1,-1,-1,-1,5
43,1,3,2023-01-08 02:18:04,2023-01-08 02:18:28,PMLeXo6Nfh1IkYvT,-1,-1,-1,-1,-1,-1,-1,-1,5
40,1,3,2023-01-08 02:18:52,2023-01-08 02:20:00,jnI33LIGBkpU6Jml,-1,-1,-1,-1,-1,-1,-1,-1,5
44,1,1,2023-01-08 02:23:48,2023-01-08 02:24:30,iiR6V8NXE5fpWnoV,-1,-1,-1,-1,-1,-1,-1,-1,3
45,1,1,2023-01-08 02:24:26,2023-01-08 02:24:58,dwvHIn3Tz7wpnPcU,-1,-1,-1,-1,-1,-1,-1,-1,4
44,1,2,2023-01-08 02:24:15,2023-01-08 02:25:09,ChxyjxcRZjutlEcc,-1,-1,-1,-1,-1,-1,-1,-1,1
44,1,3,2023-01-08 02:24:17,2023-01-08 02:25:22,3CNtJQp9zsn0Vg5m,-1,-1,-1,-1,-1,-1,-1,-1,2
45,1,2,2023-01-08 02:26:02,2023-01-08 02:26:25,ICN3ymk8pXDlcW79,-1,-1,-1,-1,-1,-1,-1,-1,4
45,1,3,2023-01-08 02:27:37,2023-01-08 02:28:31,UygfGFEc1K5exsKH,-1,-1,-1,-1,-1,-1,-1,-1,4
46,1,2,2023-01-08 02:29:33,2023-01-08 02:29:53,L6p7VPe28UWBWv5a,-1,-1,-1,-1,-1,-1,-1,-1,5
46,1,3,2023-01-08 02:36:12,2023-01-08 02:37:40,u0bXPjYwyEKCkob1,-1,-1,-1,-1,-1,-1,-1,-1,5
47,1,1,2023-01-08 02:38:20,2023-01-08 02:38:52,bUUZGjsJeXjcz3mf,-1,-1,-1,-1,-1,-1,-1,-1,5
46,1,1,2023-01-08 02:43:42,2023-01-08 02:44:20,ViNkgtwFyXiTJrbo,-1,-1,-1,-1,-1,-1,-1,-1,1
47,1,2,2023-01-08 02:44:24,2023-01-08 02:46:01,oiwU35nwp1ki4GFh,-1,-1,-1,-1,-1,-1,-1,-1,1
47,1,3,2023-01-08 02:46:50,2023-01-08 02:47:25,nAbkUnLbM5dwTZJX,-1,-1,-1,-1,-1,-1,-1,-1,1
48,1,1,2023-01-08 02:47:56,2023-01-08 02:48:31,lEYXQAAbF4ptKMDv,-1,-1,-1,-1,-1,-1,-1,-1,5
48,1,2,2023-01-08 02:48:49,2023-01-08 02:49:50,UjmpLCrFH7sFR7Jf,-1,-1,-1,-1,-1,-1,-1,-1,3
48,1,3,2023-01-08 02:49:35,2023-01-08 02:50:04,mLk1ENBatlujUZUJ,-1,-1,-1,-1,-1,-1,-1,-1,4
49,1,1,2023-01-08 02:50:06,2023-01-08 02:50:46,0IJxY0DFQKgLtSSh,-1,-1,-1,-1,-1,-1,-1,-1,4
49,1,2,2023-01-08 02:51:33,2023-01-08 02:51:55,X0GHEkHMTHMKrUJc,-1,-1,-1,-1,-1,-1,-1,-1,1
49,1,3,2023-01-08 02:57:24,2023-01-08 02:58:03,4OZhSOPQsg1VLcbb,-1,-1,-1,-1,-1,-1,-1,-1,4
50,1,1,2023-01-08 02:59:08,2023-01-08 02:59:41,imLOVkAfgMWvDws1,-1,-1,-1,-1,-1,-1,-1,-1,5
50,1,2,2023-01-08 02:59:38,2023-01-08 03:00:01,CDA1QQNI61aga13K,-1,-1,-1,-1,-1,-1,-1,-1,4
50,1,3,2023-01-08 03:01:07,2023-01-08 03:01:21,MDWHfBkFKaYRgFZC,-1,-1,-1,-1,-1,-1,-1,-1,5
51,1,1,2023-01-08 03:01:36,2023-01-08 03:02:01,fzn15LC1RqpwfMl4,-1,-1,-1,-1,-1,-1,-1,-1,1
51,1,2,2023-01-08 03:02:52,2023-01-08 03:03:51,MNU6eQC015obgR5a,-1,-1,-1,-1,-1,-1,-1,-1,3
51,1,3,2023-01-08 03:04:40,2023-01-08 03:05:19,i5QqlRaymrg7TfRx,-1,-1,-1,-1,-1,-1,-1,-1,1
52,1,2,2023-01-08 03:09:53,2023-01-08 03:10:12,DBXhKDgwf09FFcMa,-1,-1,-1,-1,-1,-1,-1,-1,4
52,1,1,2023-01-08 03:09:16,2023-01-08 03:10:49,hUMJEngm2Jpsqcas,-1,-1,-1,-1,-1,-1,-1,-1,5
52,1,3,2023-01-08 03:13:58,2023-01-08 03:14:39,v6jvG49XgknpTzfK,-1,-1,-1,-1,-1,-1,-1,-1,2
53,1,1,2023-01-08 03:16:57,2023-01-08 03:17:31,pnkz5CtUFlchuL04,-1,-1,-1,-1,-1,-1,-1,-1,5
53,1,2,2023-01-08 03:17:28,2023-01-08 03:17:57,nw2JmOKop4E24Bix,-1,-1,-1,-1,-1,-1,-1,-1,1
54,1,1,2023-01-08 03:19:02,2023-01-08 03:19:16,L7cDVdmzMYnS3jxq,-1,-1,-1,-1,-1,-1,-1,-1,5
54,1,2,2023-01-08 03:19:06,2023-01-08 03:19:38,2Mq8DNeOShcxLkTY,-1,-1,-1,-1,-1,-1,-1,-1,5
53,1,3,2023-01-08 03:17:29,2023-01-08 03:21:00,d1OOyzeRDIPgyuWg,-1,-1,-1,-1,-1,-1,-1,-1,2
54,1,3,2023-01-08 03:22:07,2023-01-08 03:23:54,qKTv0H4F1JNXVVIi,-1,-1,-1,-1,-1,-1,-1,-1,4
55,1,1,2023-01-08 03:24:13,2023-01-08 03:24:46,KXpPVDI6dcKC16la,-1,-1,-1,-1,-1,-1,-1,-1,1
55,1,2,2023-01-08 03:24:59,2023-01-08 03:25:13,k0ZfMIeA6YetTHip,-1,-1,-1,-1,-1,-1,-1,-1,4
55,1,3,2023-01-08 03:27:20,2023-01-08 03:27:43,Z25LMiodVJ3NXMJD,-1,-1,-1,-1,-1,-1,-1,-1,4
56,1,1,2023-01-08 03:27:23,2023-01-08 03:28:10,0thLoSFcWz90mjDr,-1,-1,-1,-1,-1,-1,-1,-1,5
56,1,2,2023-01-08 03:27:34,2023-01-08 03:28:19,EJRKQdvPbqGw2emf,-1,-1,-1,-1,-1,-1,-1,-1,5
56,1,3,2023-01-08 03:29:03,2023-01-08 03:29:19,mw0ItkkiIrcvxHCm,-1,-1,-1,-1,-1,-1,-1,-1,5
57,1,1,2023-01-08 03:32:19,2023-01-08 03:32:44,Fvttds5zqImb6aM7,-1,-1,-1,-1,-1,-1,-1,-1,4
57,1,2,2023-01-08 03:34:18,2023-01-08 03:34:35,dSUMSnFuAnGD2lzt,-1,-1,-1,-1,-1,-1,-1,-1,1
57,1,3,2023-01-08 03:35:16,2023-01-08 03:35:39,jIsL1UotWHCLufdf,-1,-1,-1,-1,-1,-1,-1,-1,5
58,1,1,2023-01-08 03:37:30,2023-01-08 03:38:38,I1S5jxCVgOVlyTMF,-1,-1,-1,-1,-1,-1,-1,-1,3
58,1,2,2023-01-08 03:37:56,2023-01-08 03:38:41,KwAfabpmv0XdmPQ5,-1,-1,-1,-1,-1,-1,-1,-1,4
58,1,3,2023-01-08 03:39:16,2023-01-08 03:39:36,YWCKfyyHv6dlw0iH,-1,-1,-1,-1,-1,-1,-1,-1,4
59,1,1,2023-01-08 03:40:00,2023-01-08 03:40:37,w8biLci61LxhQ48f,-1,-1,-1,-1,-1,-1,-1,-1,2
59,1,3,2023-01-08 03:40:50,2023-01-08 03:41:28,ouOY8YOfDP2YWdku,-1,-1,-1,-1,-1,-1,-1,-1,1
60,1,1,2023-01-08 03:41:41,2023-01-08 03:42:08,UyleMTUaO3BO6pNg,-1,-1,-1,-1,-1,-1,-1,-1,4
59,1,2,2023-01-08 03:40:44,2023-01-08 03:42:17,0guKvgnt6r0RC5mG,-1,-1,-1,-1,-1,-1,-1,-1,4
60,1,2,2023-01-08 03:46:19,2023-01-08 03:47:14,cvxHkrAbVGCa22BQ,-1,-1,-1,-1,-1,-1,-1,-1,3
60,1,3,2023-01-08 04:00:32,2023-01-08 04:01:03,9yPO79RanxjZmmJf,-1,-1,-1,-1,-1,-1,-1,-1,2
61,1,1,2023-01-08 04:06:44,2023-01-08 04:07:15,nzubMaKYl9qOdwoy,-1,-1,-1,-1,-1,-1,-1,-1,1
61,1,2,2023-01-08 04:17:22,2023-01-08 04:17:34,G35YWton4zMtc3sC,-1,-1,-1,-1,-1,-1,-1,-1,2
61,1,3,2023-01-08 04:17:50,2023-01-08 04:22:38,xlbDsimoxk4aPp8l,-1,-1,-1,-1,-1,-1,-1,-1,4
62,1,1,2023-01-08 04:25:11,2023-01-08 04:25:59,YJhkEjLo86o6MBW9,-1,-1,-1,-1,-1,-1,-1,-1,3
62,1,2,2023-01-08 04:26:15,2023-01-08 04:26:55,3WigrxmEcgyZsZvf,-1,-1,-1,-1,-1,-1,-1,-1,3
62,1,3,2023-01-08 04:27:00,2023-01-08 04:27:30,ZPXKmv85xHB2dB3m,-1,-1,-1,-1,-1,-1,-1,-1,3
63,1,1,2023-01-08 04:29:25,2023-01-08 04:29:45,kK5E836ZFZz9xnsO,-1,-1,-1,-1,-1,-1,-1,-1,1
63,1,2,2023-01-08 04:31:54,2023-01-08 04:32:45,nDPTQ6KBZCC0go9C,-1,-1,-1,-1,-1,-1,-1,-1,4
63,1,3,2023-01-08 04:39:10,2023-01-08 04:39:39,tvDc06MlK3FjQeKk,-1,-1,-1,-1,-1,-1,-1,-1,5
64,1,1,2023-01-08 04:40:58,2023-01-08 04:41:59,s2Wgj44xMPR229p4,-1,-1,-1,-1,-1,-1,-1,-1,5
64,1,2,2023-01-08 04:42:02,2023-01-08 04:42:56,3ph3FRBGbFs7FxKA,-1,-1,-1,-1,-1,-1,-1,-1,2
64,1,3,2023-01-08 04:48:42,2023-01-08 04:49:14,OtwT7Vxa0Jg4VfqL,-1,-1,-1,-1,-1,-1,-1,-1,1
65,1,2,2023-01-08 04:58:45,2023-01-08 04:59:09,wY7qjLx77AxzCJAB,-1,-1,-1,-1,-1,-1,-1,-1,3
65,1,3,2023-01-08 04:58:56,2023-01-08 05:00:00,G6MDtCjjHjPMEHlE,-1,-1,-1,-1,-1,-1,-1,-1,3
65,1,1,2023-01-08 04:58:28,2023-01-08 05:00:19,VVK1oqz1ZHSVmvpU,-1,-1,-1,-1,-1,-1,-1,-1,2
66,1,1,2023-01-08 05:06:11,2023-01-08 05:06:32,EdgjVv3XuKInSzLK,-1,-1,-1,-1,-1,-1,-1,-1,5
66,1,2,2023-01-08 05:08:04,2023-01-08 05:08:27,13QY7lHsBV4x1iSb,-1,-1,-1,-1,-1,-1,-1,-1,5
66,1,3,2023-01-08 05:10:55,2023-01-08 05:13:07,eVBJ0MSt7Ol2a6O1,-1,-1,-1,-1,-1,-1,-1,-1,3
67,1,1,2023-01-08 05:17:11,2023-01-08 05:18:39,KkdBLrpJh515DlNK,-1,-1,-1,-1,-1,-1,-1,-1,5
67,1,2,2023-01-08 05:25:53,2023-01-08 05:27:03,0fOkYFfUOtyVMIxu,-1,-1,-1,-1,-1,-1,-1,-1,5
67,1,3,2023-01-08 05:31:41,2023-01-08 05:31:55,eFBm471UXBEUvOwH,-1,-1,-1,-1,-1,-1,-1,-1,4
68,1,1,2023-01-08 05:43:11,2023-01-08 05:44:39,GLUwIkuckSS7Ux5s,-1,-1,-1,-1,-1,-1,-1,-1,5
68,1,2,2023-01-08 05:45:42,2023-01-08 05:46:13,Q93zpFbPNvzjxpEq,-1,-1,-1,-1,-1,-1,-1,-1,4
68,1,3,2023-01-08 05:50:13,2023-01-08 05:50:29,pIAkjxHTu0EQsCJY,-1,-1,-1,-1,-1,-1,-1,-1,3
69,1,1,2023-01-08 05:57:11,2023-01-08 05:57:29,bl6tVFofz1n3EyFN,-1,-1,-1,-1,-1,-1,-1,-1,5
69,1,3,2023-01-08 06:03:06,2023-01-08 06:03:30,nasvjOLG0tn8W38N,-1,-1,-1,-1,-1,-1,-1,-1,4
69,1,2,2023-01-08 06:03:03,2023-01-08 06:04:08,3vcUp82274CU5z7P,-1,-1,-1,-1,-1,-1,-1,-1,5
70,1,1,2023-01-08 06:05:17,2023-01-08 06:05:43,6Lc0taUbHLeLEXrN,-1,-1,-1,-1,-1,-1,-1,-1,3
70,1,2,2023-01-08 06:07:32,2023-01-08 06:11:34,6ibU6lke7OI70v7v,-1,-1,-1,-1,-1,-1,-1,-1,5
70,1,3,2023-01-08 06:11:48,2023-01-08 06:12:15,ZJC58aM5bX912Iu7,-1,-1,-1,-1,-1,-1,-1,-1,4
71,1,1,2023-01-08 06:21:04,2023-01-08 06:22:07,C3wM4kakMjHyfwF0,-1,-1,-1,-1,-1,-1,-1,-1,5
71,1,2,2023-01-08 06:33:53,2023-01-08 06:34:47,5SezZMZPKa8K8Of4,-1,-1,-1,-1,-1,-1,-1,-1,4
71,1,3,2023-01-08 06:45:58,2023-01-08 06:46:24,4gc36aPlGV8vn32n,-1,-1,-1,-1,-1,-1,-1,-1,5
72,1,1,2023-01-08 06:57:51,2023-01-08 06:58:56,jof0WXS27MJTXHud,-1,-1,-1,-1,-1,-1,-1,-1,5
72,1,2,2023-01-08 07:13:40,2023-01-08 07:14:23,BJx5e66WM7nm2oZ6,-1,-1,-1,-1,-1,-1,-1,-1,5
72,1,3,2023-01-08 07:18:07,2023-01-08 07:18:24,gYNnnZtgrhFsSKWG,-1,-1,-1,-1,-1,-1,-1,-1,4
73,1,1,2023-01-08 07:19:03,2023-01-08 07:19:34,x5Z9EUYlIXRAeYus,-1,-1,-1,-1,-1,-1,-1,-1,5
73,1,2,2023-01-08 07:23:09,2023-01-08 07:23:36,mnxe7QOwXQTmGAah,-1,-1,-1,-1,-1,-1,-1,-1,4
73,1,3,2023-01-08 07:29:44,2023-01-08 07:30:57,Lruvk5hhOhiuBEe3,-1,-1,-1,-1,-1,-1,-1,-1,5
74,1,1,2023-01-08 07:35:58,2023-01-08 07:37:06,DDT0mi9uKpp5y57D,-1,-1,-1,-1,-1,-1,-1,-1,4
74,1,2,2023-01-08 07:51:30,2023-01-08 07:52:08,eV9AE0eQmBupXnD6,-1,-1,-1,-1,-1,-1,-1,-1,4
74,1,3,2023-01-08 08:00:32,2023-01-08 08:01:17,iD8imo4YLDidVmzs,-1,-1,-1,-1,-1,-1,-1,-1,1
75,1,1,2023-01-08 08:13:28,2023-01-08 08:15:14,8PvsOINxYb4FYOth,-1,-1,-1,-1,-1,-1,-1,-1,5
75,1,2,2023-01-08 08:14:49,2023-01-08 08:15:48,J7HCv1uWyCZCu0LM,-1,-1,-1,-1,-1,-1,-1,-1,5
75,1,3,2023-01-08 08:19:19,2023-01-08 08:19:45,eiBGCgqgxkGLsd9n,-1,-1,-1,-1,-1,-1,-1,-1,5
76,1,1,2023-01-08 08:24:57,2023-01-08 08:25:17,xFqErsiUnhWsWSdl,-1,-1,-1,-1,-1,-1,-1,-1,1
76,1,2,2023-01-08 08:40:56,2023-01-08 08:41:47,V21czKXrpARXEBK4,-1,-1,-1,-1,-1,-1,-1,-1,5
76,1,3,2023-01-08 08:52:44,2023-01-08 08:54:00,wLpHnJRDyNYOYULl,-1,-1,-1,-1,-1,-1,-1,-1,5
77,1,1,2023-01-08 09:02:39,2023-01-08 09:03:12,HJJubmyuuMekvr3a,-1,-1,-1,-1,-1,-1,-1,-1,5
77,1,2,2023-01-08 09:06:24,2023-01-08 09:06:58,ZXBv3ByZS5PoeIWJ,-1,-1,-1,-1,-1,-1,-1,-1,5
77,1,3,2023-01-08 09:11:18,2023-01-08 09:11:41,juCjyQKUfmvgSqGE,-1,-1,-1,-1,-1,-1,-1,-1,5
78,1,1,2023-01-08 09:17:43,2023-01-08 09:18:26,iDniwB7NMjotQqYP,-1,-1,-1,-1,-1,-1,-1,-1,5
78,1,2,2023-01-08 09:27:56,2023-01-08 09:30:56,qj3PcYYQck052SkP,-1,-1,-1,-1,-1,-1,-1,-1,4
78,1,3,2023-01-08 09:55:38,2023-01-08 09:55:58,ZVFYGEeb0XbwRt1l,-1,-1,-1,-1,-1,-1,-1,-1,5
79,1,1,2023-01-08 09:58:56,2023-01-08 10:00:08,WCFf3IvaHHPPc4Gn,-1,-1,-1,-1,-1,-1,-1,-1,5
79,1,2,2023-01-08 10:13:58,2023-01-08 10:14:27,XUgGnnAv1hC1c7Do,-1,-1,-1,-1,-1,-1,-1,-1,5
79,1,3,2023-01-08 10:22:18,2023-01-08 10:23:30,kdfDtz0mH2d9QuMX,-1,-1,-1,-1,-1,-1,-1,-1,5
80,1,1,2023-01-08 10:44:35,2023-01-08 10:45:30,4lhccqrcfw7wUr6K,-1,-1,-1,-1,-1,-1,-1,-1,2
80,1,2,2023-01-08 11:13:35,2023-01-08 11:14:28,UgjpRxzLsOkiE3o0,-1,-1,-1,-1,-1,-1,-1,-1,5
80,1,3,2023-01-08 11:23:03,2023-01-08 11:23:45,UUT1iR5GXxXOIWTI,-1,-1,-1,-1,-1,-1,-1,-1,5
81,1,1,2023-01-08 11:55:32,2023-01-08 11:55:45,r8USKOq8UBXMqZez,-1,-1,-1,-1,-1,-1,-1,-1,3
81,1,2,2023-01-08 11:56:08,2023-01-08 11:56:38,CZD2ELCQPS2zCghY,-1,-1,-1,-1,-1,-1,-1,-1,2
81,1,3,2023-01-08 11:56:16,2023-01-08 11:58:51,scObMgdq7QgH9OBY,-1,-1,-1,-1,-1,-1,-1,-1,3
82,1,1,2023-01-08 12:04:15,2023-01-08 12:05:11,b4nAQZVPxWTsiH60,-1,-1,-1,-1,-1,-1,-1,-1,5
82,1,2,2023-01-08 12:14:57,2023-01-08 12:15:52,tEX6WW1mLCt72v6U,-1,-1,-1,-1,-1,-1,-1,-1,5
83,1,1,2023-01-08 12:16:48,2023-01-08 12:17:08,lRCVZyhN5jAVFaZC,-1,-1,-1,-1,-1,-1,-1,-1,5
82,1,3,2023-01-08 12:16:43,2023-01-08 12:17:17,IMmHTYz0Hou6s6Qv,-1,-1,-1,-1,-1,-1,-1,-1,5
83,1,2,2023-01-08 12:18:16,2023-01-08 12:18:35,o3XE4HkoXIAra7ql,-1,-1,-1,-1,-1,-1,-1,-1,3
83,1,3,2023-01-08 12:19:28,2023-01-08 12:19:48,OoF5AjXyBeXrOkyl,-1,-1,-1,-1,-1,-1,-1,-1,2
84,1,1,2023-01-08 12:26:02,2023-01-08 12:26:33,MYSAUPxK86kbbHY3,-1,-1,-1,-1,-1,-1,-1,-1,5
84,1,2,2023-01-08 12:31:17,2023-01-08 12:31:48,UlRDHPhdl4WXwfxb,-1,-1,-1,-1,-1,-1,-1,-1,5
84,1,3,2023-01-08 12:37:06,2023-01-08 12:37:23,eE5enQ8K50JMPOye,-1,-1,-1,-1,-1,-1,-1,-1,5
85,1,1,2023-01-08 12:37:38,2023-01-08 12:38:19,8pscS3Tk1z315GU8,-1,-1,-1,-1,-1,-1,-1,-1,5
85,1,2,2023-01-08 12:39:52,2023-01-08 12:40:24,X0FjEsf8QVKn1xtW,-1,-1,-1,-1,-1,-1,-1,-1,5
85,1,3,2023-01-08 12:40:19,2023-01-08 12:40:41,zVpVTONC7bldt3qg,-1,-1,-1,-1,-1,-1,-1,-1,5
86,1,1,2023-01-08 12:46:57,2023-01-08 12:48:45,cyRkNp6UhZBPvz3W,-1,-1,-1,-1,-1,-1,-1,-1,5
86,1,2,2023-01-08 12:49:35,2023-01-08 12:50:08,4fCbw9ydqmzGaT7a,-1,-1,-1,-1,-1,-1,-1,-1,5
86,1,3,2023-01-08 12:53:48,2023-01-08 12:55:55,07SmV4gw5rxSIMK4,-1,-1,-1,-1,-1,-1,-1,-1,5
87,1,1,2023-01-08 12:58:51,2023-01-08 12:59:13,TobFdNgE5FGJMQIw,-1,-1,-1,-1,-1,-1,-1,-1,4
87,1,2,2023-01-08 12:59:27,2023-01-08 12:59:36,1SGAlMN4ix7oXnjp,-1,-1,-1,-1,-1,-1,-1,-1,2
87,1,3,2023-01-08 13:00:10,2023-01-08 13:00:33,M7FEK6OqaCROWF0K,-1,-1,-1,-1,-1,-1,-1,-1,3
88,1,1,2023-01-08 13:00:51,2023-01-08 13:01:28,1RVDrWQwPED8GKPN,-1,-1,-1,-1,-1,-1,-1,-1,5
88,1,2,2023-01-08 13:02:18,2023-01-08 13:02:41,szzbaCbUCdJgmhFM,-1,-1,-1,-1,-1,-1,-1,-1,1
88,1,3,2023-01-08 13:02:26,2023-01-08 13:02:48,6WXWB5HqmoUerJyp,-1,-1,-1,-1,-1,-1,-1,-1,4
89,1,1,2023-01-08 13:02:52,2023-01-08 13:03:05,rq4s4FIJ0SVzaCS9,-1,-1,-1,-1,-1,-1,-1,-1,5
89,1,2,2023-01-08 13:04:04,2023-01-08 13:04:23,85hRa1Bahef1uCGq,-1,-1,-1,-1,-1,-1,-1,-1,4
89,1,3,2023-01-08 13:05:58,2023-01-08 13:06:50,eU8qiZ8aIUP6yThv,-1,-1,-1,-1,-1,-1,-1,-1,5
90,1,1,2023-01-08 13:11:59,2023-01-08 13:12:18,nHKEwzYD2imZmTQl,-1,-1,-1,-1,-1,-1,-1,-1,2
90,1,2,2023-01-08 13:14:58,2023-01-08 13:16:17,G1O7ihqlLagwPmYd,-1,-1,-1,-1,-1,-1,-1,-1,5
90,1,3,2023-01-08 13:17:40,2023-01-08 13:18:14,K9MjND9Dvr63dutr,-1,-1,-1,-1,-1,-1,-1,-1,5
91,1,1,2023-01-08 13:22:57,2023-01-08 13:23:30,lPtkjQ6vXzMUWs2y,-1,-1,-1,-1,-1,-1,-1,-1,2
91,1,2,2023-01-08 13:26:01,2023-01-08 13:26:36,tu7wxeXnLoEglwAd,-1,-1,-1,-1,-1,-1,-1,-1,5
92,1,1,2023-01-08 13:30:53,2023-01-08 13:31:31,KIyYJblhl5TFxgDO,-1,-1,-1,-1,-1,-1,-1,-1,4
91,1,3,2023-01-08 13:30:46,2023-01-08 13:31:34,X15aYSvEPtRXMR6Y,-1,-1,-1,-1,-1,-1,-1,-1,5
92,1,2,2023-01-08 13:33:47,2023-01-08 13:34:39,VU56OURPBpLfMSNI,-1,-1,-1,-1,-1,-1,-1,-1,5
92,1,3,2023-01-08 13:42:39,2023-01-08 13:43:30,KmrtMbaNEIW51w3I,-1,-1,-1,-1,-1,-1,-1,-1,2
93,1,1,2023-01-08 13:50:26,2023-01-08 13:50:39,HXC4R0I4u8yR2Rwy,-1,-1,-1,-1,-1,-1,-1,-1,5
93,1,2,2023-01-08 13:50:27,2023-01-08 13:51:09,8vDW7bzcWVaKQwuB,-1,-1,-1,-1,-1,-1,-1,-1,4
93,1,3,2023-01-08 13:58:21,2023-01-08 13:58:43,D1PSDU0shr5ldN2b,-1,-1,-1,-1,-1,-1,-1,-1,5
94,1,1,2023-01-08 14:00:21,2023-01-08 14:01:00,dWcoiKxNSMWZEDvc,-1,-1,-1,-1,-1,-1,-1,-1,5
94,1,2,2023-01-08 14:01:49,2023-01-08 14:02:17,3sDJlU1vFg9CCwGr,-1,-1,-1,-1,-1,-1,-1,-1,5
94,1,3,2023-01-08 14:15:11,2023-01-08 14:15:34,wNaFffFhTKB0Ie3g,-1,-1,-1,-1,-1,-1,-1,-1,3
95,1,1,2023-01-08 14:15:20,2023-01-08 14:16:25,ag6yW0RWtQZISIkB,-1,-1,-1,-1,-1,-1,-1,-1,3
95,1,2,2023-01-08 14:15:36,2023-01-08 14:16:59,cpFXE1foEvWZXDSK,-1,-1,-1,-1,-1,-1,-1,-1,5
95,1,3,2023-01-08 14:16:41,2023-01-08 14:17:13,wzOl5MxfcvjGVj4m,-1,-1,-1,-1,-1,-1,-1,-1,4
96,1,1,2023-01-08 14:20:49,2023-01-08 14:21:48,ljOjTFmzOyITOJrL,-1,-1,-1,-1,-1,-1,-1,-1,4
96,1,2,2023-01-08 14:23:14,2023-01-08 14:23:42,8CoU2bntOjclAXFe,-1,-1,-1,-1,-1,-1,-1,-1,5
96,1,3,2023-01-08 14:23:26,2023-01-08 14:24:12,yHuAY1wXfk3UtmvU,-1,-1,-1,-1,-1,-1,-1,-1,5
97,1,1,2023-01-08 14:27:53,2023-01-08 14:28:20,NmvyFguICsWq4A3b,-1,-1,-1,-1,-1,-1,-1,-1,5
98,1,1,2023-01-08 14:44:20,2023-01-08 14:44:59,KfWxaudzWOsakwog,-1,-1,-1,-1,-1,-1,-1,-1,4
97,1,3,2023-01-08 14:43:32,2023-01-08 14:45:08,A5kl3AAaXJm74ZEC,-1,-1,-1,-1,-1,-1,-1,-1,5
98,1,2,2023-01-08 14:46:04,2023-01-08 14:46:33,dZOPKW2u4hsuTGas,-1,-1,-1,-1,-1,-1,-1,-1,4
98,1,3,2023-01-08 14:46:41,2023-01-08 14:47:19,Hm2WzGf3oAce1S18,-1,-1,-1,-1,-1,-1,-1,-1,5
97,1,2,2023-01-08 14:48:00,2023-01-08 14:48:27,p5cAhVR9exDH3Aj4,-1,-1,-1,-1,-1,-1,-1,-1,5
99,1,1,2023-01-08 14:49:03,2023-01-08 14:49:23,kjFX8FITnXlnn37j,-1,-1,-1,-1,-1,-1,-1,-1,5
99,1,2,2023-01-08 14:49:58,2023-01-08 14:50:43,XX2S4uHAVgder7Su,-1,-1,-1,-1,-1,-1,-1,-1,4
99,1,3,2023-01-08 14:51:34,2023-01-08 14:52:33,i7PV09AyASMJRwvj,-1,-1,-1,-1,-1,-1,-1,-1,5
100,1,1,2023-01-08 14:52:01,2023-01-08 14:52:45,B5dXMVKtqBludrjd,-1,-1,-1,-1,-1,-1,-1,-1,5
100,1,2,2023-01-08 15:10:11,2023-01-08 15:10:27,uXuxnXGw2P9r7phv,-1,-1,-1,-1,-1,-1,-1,-1,5
100,1,3,2023-01-08 15:13:52,2023-01-08 15:14:53,PHYi8XifkPklCL8d,-1,-1,-1,-1,-1,-1,-1,-1,4
