user_id,tweetId,strategyId,annotationId,startTime,end_time,surveycode,fluency,informativeness,persuasiveness,soundness,fluency2,informativeness2,persuasiveness2,soundness2,hatefulness
8770613,4,3,1,2023-01-09 15:21:19,2023-01-09 15:21:50,e9c0ac07192c7919,5,5,4,5,-1,-1,-1,-1,5
10859891,1,3,2,2023-01-09 15:20:32,2023-01-09 15:22:21,cbd89483976c43af,5,4,5,3,-1,-1,-1,-1,5
8398639,2,3,1,2023-01-09 15:21:12,2023-01-09 15:22:47,f1074b9556a8efa4,1,3,3,3,-1,-1,-1,-1,4
7672511,1,3,3,2023-01-09 15:23:36,2023-01-09 15:23:54,d6bbe0915c4ad23d,4,2,2,1,-1,-1,-1,-1,2
7470269,3,3,3,2023-01-09 15:31:03,2023-01-09 15:31:27,6cf2d0ab010a4428,4,3,3,3,-1,-1,-1,-1,2
10849873,9,3,1,2023-01-09 15:30:38,2023-01-09 15:31:49,5f745e38faae42ba,5,3,5,5,-1,-1,-1,-1,5
7106513,6,3,2,2023-01-09 15:59:02,2023-01-09 16:00:15,0da034c1e1574b52,5,3,5,3,-1,-1,-1,-1,4
6935039,5,3,2,2023-01-09 16:00:23,2023-01-09 16:01:00,880bc9fafb0db122,3,3,3,3,-1,-1,-1,-1,3
8630729,4,3,2,2023-01-09 15:59:30,2023-01-09 16:02:13,17908686a80bd59e,4,3,5,4,-1,-1,-1,-1,1
7626861,6,3,3,2023-01-09 15:59:17,2023-01-09 16:02:52,9a07868ec210fe4a,5,5,5,5,-1,-1,-1,-1,1
7271789,7,3,1,2023-01-09 16:03:25,2023-01-09 16:04:40,80c40fb1432e1064,3,3,4,3,-1,-1,-1,-1,4
8719239,6,3,1,2023-01-09 16:05:01,2023-01-09 16:05:41,115a12a2d4189e2e,4,4,3,3,-1,-1,-1,-1,4
10851459,7,3,2,2023-01-09 16:03:22,2023-01-09 16:06:42,82004fe67c290d9e,4,3,2,3,-1,-1,-1,-1,3
11117879,8,3,2,2023-01-09 16:05:55,2023-01-09 16:07:07,2e1784620c28e03d,1,2,1,1,-1,-1,-1,-1,4
10525069,8,3,3,2023-01-09 16:06:36,2023-01-09 16:07:31,3b648dd76f5f27e8,5,4,5,4,-1,-1,-1,-1,1
7271599,7,3,3,2023-01-09 16:05:13,2023-01-09 16:07:33,3ce683b8f06fd007,4,5,5,4,-1,-1,-1,-1,5
4758647,9,3,3,2023-01-09 16:06:52,2023-01-09 16:07:44,69d7a3c0a7397bfa,5,5,5,5,-1,-1,-1,-1,3
8402139,8,3,1,2023-01-09 16:09:42,2023-01-09 16:11:06,ad8acc08039b0f6e,5,5,5,5,-1,-1,-1,-1,5
9524001,10,3,2,2023-01-09 16:09:38,2023-01-09 16:11:53,89ad18e04d0c6161,4,1,3,1,-1,-1,-1,-1,4
10286743,10,3,1,2023-01-09 16:08:36,2023-01-09 16:12:08,cf672ebf108b331e,1,5,5,5,-1,-1,-1,-1,1
9130777,10,3,3,2023-01-09 16:12:29,2023-01-09 16:12:59,34887b97d8730a4e,2,3,2,1,-1,-1,-1,-1,3
11025997,3,3,2,2023-01-09 16:12:17,2023-01-09 16:13:56,3ce4787bae0a9e8f,5,5,5,5,-1,-1,-1,-1,1
10738431,3,3,1,2023-01-09 16:10:48,2023-01-09 16:14:13,e059d637058da16d,1,5,5,5,-1,-1,-1,-1,1
11321875,13,3,2,2023-01-09 16:33:20,2023-01-09 16:34:44,5fa92fde41234f46,3,2,4,3,-1,-1,-1,-1,4
9526193,12,3,1,2023-01-09 16:41:46,2023-01-09 16:43:38,c361b7a5f27ae0a6,3,5,2,1,-1,-1,-1,-1,5
9144195,13,3,3,2023-01-09 16:33:20,2023-01-09 16:44:22,2ed328d71772131d,1,1,1,1,-1,-1,-1,-1,3
6762155,2,3,2,2023-01-09 16:44:14,2023-01-09 16:44:30,4331339bc1cb624d,3,2,3,3,-1,-1,-1,-1,4
10956549,14,3,1,2023-01-09 16:57:14,2023-01-09 16:59:33,b272daa7164c20d1,5,4,3,2,-1,-1,-1,-1,1
5906957,14,3,2,2023-01-09 16:59:28,2023-01-09 16:59:44,efd19a4c32070af9,2,4,3,3,-1,-1,-1,-1,2
7792785,15,3,3,2023-01-09 16:59:38,2023-01-09 17:00:47,6dbd2e2a2b8d9fe7,3,3,3,3,-1,-1,-1,-1,2
10028553,15,3,1,2023-01-09 16:58:33,2023-01-09 17:00:50,655191a918b78bd0,1,1,1,1,-1,-1,-1,-1,2
7856993,5,3,1,2023-01-09 17:03:25,2023-01-09 17:04:38,df41bd41ee4036fd,3,3,3,3,-1,-1,-1,-1,2
7783903,4,3,3,2023-01-09 17:09:31,2023-01-09 17:09:59,fceb5fce3321e4b4,3,3,3,3,-1,-1,-1,-1,2
10872633,13,3,1,2023-01-09 17:10:15,2023-01-09 17:12:11,7c695a5b0b95a6bb,5,3,3,4,-1,-1,-1,-1,1
10755887,16,3,3,2023-01-09 17:17:21,2023-01-09 17:18:37,b1523146c118af2d,5,5,4,5,-1,-1,-1,-1,1
11222123,16,3,2,2023-01-09 17:17:30,2023-01-09 17:19:55,a369d2a17d552556,2,2,1,1,-1,-1,-1,-1,1
9559823,17,3,1,2023-01-09 17:21:48,2023-01-09 17:23:13,def59e8923e9e0a5,2,2,3,2,-1,-1,-1,-1,2
7833013,18,3,1,2023-01-09 17:24:36,2023-01-09 17:25:34,7b162ad60305884e,5,4,4,5,-1,-1,-1,-1,4
2226505,17,3,3,2023-01-09 17:24:21,2023-01-09 17:25:45,6a7e7e69616d656e,5,5,3,5,-1,-1,-1,-1,1
5990471,18,3,2,2023-01-09 17:28:01,2023-01-09 17:29:59,24f8ee5f50415671,3,3,4,3,-1,-1,-1,-1,4
1701935,9,3,2,2023-01-09 17:45:58,2023-01-09 17:47:13,7783736a5071148a,1,1,1,1,-1,-1,-1,-1,4
10405347,19,3,1,2023-01-09 18:06:39,2023-01-09 18:07:45,e134c35320008fd3,5,4,4,4,-1,-1,-1,-1,2
5158407,2,3,3,2023-01-09 18:07:15,2023-01-09 18:10:18,7168df00d55ecbc3,1,3,2,3,-1,-1,-1,-1,1
11121361,19,3,2,2023-01-09 18:09:41,2023-01-09 18:10:42,9af2622fd1d31269,3,4,5,3,-1,-1,-1,-1,3
7856785,11,3,1,2023-01-09 18:09:52,2023-01-09 18:13:13,57c5d05d2ee9e3e4,3,3,3,4,-1,-1,-1,-1,1
10611654,19,3,3,2023-01-09 18:15:12,2023-01-09 18:17:51,bcd4c32fb84f62c0,2,3,4,3,-1,-1,-1,-1,4
8392497,11,3,2,2023-01-09 18:22:44,2023-01-09 18:23:43,7192715a432b2592,3,2,2,3,-1,-1,-1,-1,2
7833103,11,3,3,2023-01-09 18:27:18,2023-01-09 18:28:17,7107e709b8028f25,4,4,5,4,-1,-1,-1,-1,4
4906767,20,3,2,2023-01-09 18:29:33,2023-01-09 18:30:08,1219e16e33b14378,4,4,4,5,-1,-1,-1,-1,1
7273297,1,3,1,2023-01-09 18:49:33,2023-01-09 18:51:51,47d3fbc452eac139,5,4,3,3,-1,-1,-1,-1,2
3730327,20,3,3,2023-01-09 19:03:36,2023-01-09 19:04:56,d0c9287b0edf14ad,4,5,4,4,-1,-1,-1,-1,2
9892835,21,3,1,2023-01-09 19:07:18,2023-01-09 19:08:57,18ffb1e06b3ebdee,5,4,5,5,-1,-1,-1,-1,1
11328447,21,3,2,2023-01-09 19:09:06,2023-01-09 19:10:18,f6bbf3fe2a716da8,5,5,5,5,-1,-1,-1,-1,1
4236981,22,3,1,2023-01-09 19:16:53,2023-01-09 19:23:00,7ddabc95da31d3ca,1,1,1,1,-1,-1,-1,-1,1
7764157,15,3,2,2023-01-09 19:29:11,2023-01-09 19:32:45,1726c84287d7932f,1,2,1,2,-1,-1,-1,-1,3
11319901,17,3,2,2023-01-09 19:32:34,2023-01-09 19:33:57,1cf4befc1b011f14,1,3,1,3,-1,-1,-1,-1,3
5171017,16,3,1,2023-01-09 19:32:10,2023-01-09 19:35:02,7545e7ec040cc360,2,1,2,1,-1,-1,-1,-1,1
11050355,18,3,3,2023-01-09 19:45:48,2023-01-09 19:47:26,d4f38a132a24d02b,4,4,4,5,-1,-1,-1,-1,1
9158953,22,3,3,2023-01-09 19:48:20,2023-01-09 19:49:47,0f7dd59a9f1b7aa1,4,3,3,4,-1,-1,-1,-1,1
1609958,22,3,2,2023-01-09 19:46:12,2023-01-09 19:51:47,2a92075b33e8d685,3,4,3,3,-1,-1,-1,-1,4
7793035,23,3,1,2023-01-09 20:00:02,2023-01-09 20:00:58,92c57caef7da0ce3,4,3,4,3,-1,-1,-1,-1,5
5488547,5,3,3,2023-01-09 20:00:30,2023-01-09 20:02:51,fc53a3b2e84dc296,3,3,2,3,-1,-1,-1,-1,1
4468877,23,3,2,2023-01-09 20:01:51,2023-01-09 20:02:55,ad16a8c15411eab5,3,3,2,2,-1,-1,-1,-1,4
7728799,23,3,3,2023-01-09 20:02:44,2023-01-09 20:04:06,97efc372d9702952,4,4,5,4,-1,-1,-1,-1,3
1769905,24,3,1,2023-01-09 20:02:59,2023-01-09 20:04:16,87335a4ff9e07f1f,5,3,4,5,-1,-1,-1,-1,1
7201681,14,3,3,2023-01-09 20:04:30,2023-01-09 20:05:23,14ce62d9b836c971,4,3,4,3,-1,-1,-1,-1,4
7461605,24,3,2,2023-01-09 20:07:47,2023-01-09 20:08:25,d8ab69881a8afc6f,5,5,5,5,-1,-1,-1,-1,1
11130241,26,3,1,2023-01-09 21:58:04,2023-01-09 21:59:26,a3a97efdd4d3f35b,4,4,5,4,-1,-1,-1,-1,1
758769,26,3,3,2023-01-09 22:20:05,2023-01-09 22:21:17,86bae2e954374c87,4,3,2,2,-1,-1,-1,-1,5
10896183,24,3,3,2023-01-09 22:40:45,2023-01-09 22:42:01,28843011c2cc01ab,4,4,4,4,-1,-1,-1,-1,1
11108971,25,3,3,2023-01-09 22:46:49,2023-01-09 22:47:57,5b332bd6b6f52bfc,2,4,3,5,-1,-1,-1,-1,1
773189,12,3,2,2023-01-09 23:19:52,2023-01-09 23:21:00,55462b3c5182e420,5,3,3,4,-1,-1,-1,-1,1
9841417,20,3,1,2023-01-09 23:34:21,2023-01-09 23:36:54,cd6be346844a94b7,2,1,4,2,-1,-1,-1,-1,5
11032427,27,3,1,2023-01-09 23:45:03,2023-01-09 23:47:37,ab3e8dfe7539784f,4,5,4,5,-1,-1,-1,-1,2
7635943,25,3,1,2023-01-09 23:46:31,2023-01-09 23:48:28,3ded5c3b466a34b4,5,5,1,5,-1,-1,-1,-1,1
4110347,27,3,2,2023-01-09 23:54:33,2023-01-09 23:55:49,92e471031dc79c72,5,2,1,1,-1,-1,-1,-1,5
11066097,25,3,2,2023-01-09 23:54:03,2023-01-09 23:57:59,c335aa97369b2dba,2,1,2,1,-1,-1,-1,-1,1
9896679,27,3,3,2023-01-09 23:57:22,2023-01-09 23:58:50,01298e929cea9dcf,2,1,1,5,-1,-1,-1,-1,3
10345019,26,3,2,2023-01-10 00:10:13,2023-01-10 00:12:15,628bc3fcc1c70be9,1,1,1,1,-1,-1,-1,-1,2
11322929,28,3,2,2023-01-10 00:11:09,2023-01-10 00:12:38,27deeee4bd72ac3d,3,3,3,3,-1,-1,-1,-1,4
7168777,28,3,3,2023-01-10 00:12:24,2023-01-10 00:13:55,5cd7f5c0202c72db,3,3,2,2,-1,-1,-1,-1,4
11334449,29,3,2,2023-01-10 00:17:42,2023-01-10 00:19:41,23c0c7afc3a5f4f7,3,1,1,1,-1,-1,-1,-1,4
6384265,29,3,3,2023-01-10 00:26:30,2023-01-10 00:28:11,bb6e9e163c028a24,3,4,3,5,-1,-1,-1,-1,2
8460129,30,3,3,2023-01-10 00:53:57,2023-01-10 00:54:54,52b9528d66c75f36,3,4,3,4,-1,-1,-1,-1,1
11314811,31,3,3,2023-01-10 01:12:29,2023-01-10 01:15:04,c22b98256cdacbb4,5,1,3,3,-1,-1,-1,-1,5
1159850,32,3,1,2023-01-10 01:28:14,2023-01-10 01:30:17,246b47d6ea04c1f0,4,5,4,5,-1,-1,-1,-1,2
11176241,32,3,2,2023-01-10 01:35:37,2023-01-10 01:37:13,339c1518b2cdf788,1,1,1,1,-1,-1,-1,-1,1
4520057,21,3,3,2023-01-10 01:51:41,2023-01-10 01:53:40,0cbaa87fdda22324,5,5,5,5,-1,-1,-1,-1,1
7382859,33,3,2,2023-01-10 02:01:48,2023-01-10 02:04:28,b9f455e5b9c07e5b,5,5,4,4,-1,-1,-1,-1,5
5684425,33,3,3,2023-01-10 02:02:28,2023-01-10 02:05:22,cc629378078131c6,4,4,2,4,-1,-1,-1,-1,1
9796211,34,3,2,2023-01-10 02:05:08,2023-01-10 02:07:28,66710c9e78e97c65,4,4,3,2,-1,-1,-1,-1,2
9451641,35,3,1,2023-01-10 02:06:58,2023-01-10 02:08:52,521499a8c4f86d2f,4,2,4,3,-1,-1,-1,-1,4
9449031,34,3,3,2023-01-10 02:05:19,2023-01-10 02:11:01,bea5fa0f8bee91da,3,4,4,5,-1,-1,-1,-1,4
10667749,28,3,1,2023-01-10 02:11:53,2023-01-10 02:14:46,976991e7fca6e070,1,2,1,1,-1,-1,-1,-1,5
10854055,35,3,2,2023-01-10 02:12:46,2023-01-10 02:15:40,74c1386bc7b1c291,4,5,3,4,-1,-1,-1,-1,1
4937751,36,3,1,2023-01-10 02:37:14,2023-01-10 02:38:43,f3b604dbe3156cc5,4,4,5,4,-1,-1,-1,-1,1
7996575,12,3,3,2023-01-10 02:41:01,2023-01-10 02:42:31,385783b858f9c18c,1,5,3,3,-1,-1,-1,-1,2
3407317,36,3,2,2023-01-10 02:44:07,2023-01-10 02:45:29,9b662cfe0561fbdf,4,5,5,4,-1,-1,-1,-1,4
8573525,30,3,2,2023-01-10 03:04:38,2023-01-10 03:05:35,f443772b172195ce,2,3,2,3,-1,-1,-1,-1,4
2024181,30,3,1,2023-01-10 03:09:21,2023-01-10 03:09:56,118946705d28a600,3,2,2,3,-1,-1,-1,-1,3
10887459,31,3,2,2023-01-10 03:13:35,2023-01-10 03:15:04,c9edb305eef3f47e,3,2,1,1,-1,-1,-1,-1,4
7899989,36,3,3,2023-01-10 03:25:24,2023-01-10 03:26:37,d30a000f89702017,4,4,4,4,-1,-1,-1,-1,4
6766691,37,3,1,2023-01-10 03:32:28,2023-01-10 03:33:13,1793d5f6ca554ac0,1,1,1,1,-1,-1,-1,-1,5
11321533,37,3,2,2023-01-10 03:34:10,2023-01-10 03:37:11,1585a1ad0b8128c4,2,4,4,4,-1,-1,-1,-1,2
6862943,37,3,3,2023-01-10 03:37:25,2023-01-10 03:38:35,dd732cc9f7efcde0,4,4,3,4,-1,-1,-1,-1,3
10268607,38,3,1,2023-01-10 03:41:19,2023-01-10 03:43:05,51a75d6cd51d77bc,3,4,3,2,-1,-1,-1,-1,3
9805271,38,3,3,2023-01-10 03:43:44,2023-01-10 03:44:50,763d9de9a9e055c6,4,5,4,4,-1,-1,-1,-1,1
3369189,38,3,2,2023-01-10 03:43:27,2023-01-10 03:46:31,2f0c63393b5ba016,4,4,3,3,-1,-1,-1,-1,4
11331107,32,3,3,2023-01-10 03:47:05,2023-01-10 03:50:24,27d57a61d8aa4e00,4,3,1,1,-1,-1,-1,-1,5
5041195,39,3,1,2023-01-10 03:48:48,2023-01-10 03:50:42,b777402082f145ff,5,4,4,4,-1,-1,-1,-1,2
9510531,39,3,2,2023-01-10 03:54:16,2023-01-10 03:55:11,6c2b45f2fd96abbb,5,5,3,3,-1,-1,-1,-1,1
2232493,39,3,3,2023-01-10 03:57:01,2023-01-10 03:57:52,cdbb9830763e830d,2,1,3,5,-1,-1,-1,-1,1
10826393,35,3,3,2023-01-10 03:57:25,2023-01-10 03:57:54,4f615a95a43a58cb,4,4,4,4,-1,-1,-1,-1,1
9240367,33,3,1,2023-01-10 03:58:22,2023-01-10 04:01:18,48859c80e00762d7,1,1,1,1,-1,-1,-1,-1,1
8219293,34,3,1,2023-01-10 04:14:08,2023-01-10 04:15:42,e7ca707d1c689fa6,1,1,1,3,-1,-1,-1,-1,3
6813509,29,3,1,2023-01-10 04:23:10,2023-01-10 04:25:33,6f8d1dc2bb311b64,5,4,2,1,-1,-1,-1,-1,5
11069725,40,3,2,2023-01-10 04:43:19,2023-01-10 04:45:31,96f497198eab7231,2,4,2,3,-1,-1,-1,-1,3
7587323,41,3,1,2023-01-10 04:47:50,2023-01-10 04:48:46,2a5cc03df713c3a7,3,3,2,4,-1,-1,-1,-1,4
9936751,31,3,1,2023-01-10 05:15:12,2023-01-10 05:17:09,38254f23a61eab24,2,2,1,2,-1,-1,-1,-1,4
9511187,41,3,2,2023-01-10 05:57:46,2023-01-10 05:59:06,92ef6095a711b6c2,3,4,3,3,-1,-1,-1,-1,5
7423837,40,3,1,2023-01-10 06:12:21,2023-01-10 06:14:53,c5baa0551dbe9203,2,4,3,2,-1,-1,-1,-1,2
9416929,42,3,3,2023-01-10 06:26:57,2023-01-10 06:28:52,a29608ca7db31d21,5,5,4,4,-1,-1,-1,-1,1
7701643,43,3,1,2023-01-10 06:37:17,2023-01-10 06:39:29,e8be2f09723847fa,1,1,1,1,-1,-1,-1,-1,4
9012565,43,3,2,2023-01-10 06:43:01,2023-01-10 06:47:22,b209ba04015497a2,5,1,1,1,-1,-1,-1,-1,4
9527101,40,3,3,2023-01-10 06:53:49,2023-01-10 06:55:51,8e58666521f3deff,4,1,2,2,-1,-1,-1,-1,3
7496543,43,3,3,2023-01-10 07:57:47,2023-01-10 07:58:13,2f0ce4f25553d59c,2,3,3,4,-1,-1,-1,-1,3
8185571,44,3,1,2023-01-10 07:58:22,2023-01-10 07:58:34,e1c132eb4a5d3851,3,3,4,3,-1,-1,-1,-1,4
7383553,44,3,2,2023-01-10 07:59:03,2023-01-10 07:59:21,3c4464eabe36079e,4,3,4,3,-1,-1,-1,-1,3
7358117,44,3,3,2023-01-10 08:01:28,2023-01-10 08:01:53,4dde80fb74799b2c,2,3,3,2,-1,-1,-1,-1,3
6882891,45,3,2,2023-01-10 08:25:10,2023-01-10 08:26:50,6f967d258f041f07,4,4,4,4,-1,-1,-1,-1,2
9636577,45,3,3,2023-01-10 08:26:48,2023-01-10 08:28:24,e9cc00d5ab5eec77,5,5,5,3,-1,-1,-1,-1,2
5830163,46,3,1,2023-01-10 08:27:18,2023-01-10 08:29:41,59e8e062b4ba6020,1,2,1,1,-1,-1,-1,-1,1
4665193,45,3,1,2023-01-10 08:22:10,2023-01-10 08:35:56,5aee8cf03071d337,4,4,3,5,-1,-1,-1,-1,2
11333883,46,3,3,2023-01-10 08:57:22,2023-01-10 08:59:19,a9ef9ec0c932b185,4,4,3,2,-1,-1,-1,-1,3
9161901,46,3,2,2023-01-10 08:58:27,2023-01-10 09:01:20,cc4bf30d3db2cd98,2,4,2,4,-1,-1,-1,-1,3
10956377,41,3,3,2023-01-10 09:07:54,2023-01-10 09:10:49,a5447617d8a65287,3,4,5,4,-1,-1,-1,-1,2
10794015,42,3,1,2023-01-10 09:40:01,2023-01-10 09:45:18,82ea5e710c94d2c1,5,3,3,4,-1,-1,-1,-1,4
10591089,42,3,2,2023-01-10 10:47:59,2023-01-10 10:49:27,fcb9a5744d416136,5,2,3,4,-1,-1,-1,-1,5
10583563,47,3,1,2023-01-10 11:07:02,2023-01-10 11:08:08,be82cc4650362b78,3,3,3,3,-1,-1,-1,-1,5
7129447,47,3,2,2023-01-10 11:26:59,2023-01-10 11:29:13,06507d173d6878d1,4,4,3,4,-1,-1,-1,-1,2
10559393,47,3,3,2023-01-10 11:38:11,2023-01-10 11:40:14,93232f0167252105,5,4,3,4,-1,-1,-1,-1,1
9029287,48,3,2,2023-01-10 12:02:37,2023-01-10 12:04:53,ca6a96d9df4b4d13,5,5,5,5,-1,-1,-1,-1,1
8984221,48,3,3,2023-01-10 12:14:25,2023-01-10 12:16:01,5740d9df1bcfdd40,4,2,4,1,-1,-1,-1,-1,4
11322325,49,3,3,2023-01-10 12:59:27,2023-01-10 13:01:29,51f77a9ca4f3f648,1,1,1,3,-1,-1,-1,-1,1
11137793,49,3,1,2023-01-10 13:02:07,2023-01-10 13:04:26,9bfd13f6b4bb9135,2,2,1,4,-1,-1,-1,-1,1
2384279,50,3,1,2023-01-10 13:27:30,2023-01-10 13:29:03,cbda0b656b17a287,5,1,1,1,-1,-1,-1,-1,4
2499495,50,3,2,2023-01-10 13:53:11,2023-01-10 13:54:31,b66f1c28b687c8c4,1,1,1,1,-1,-1,-1,-1,5
7784579,50,3,3,2023-01-10 13:54:38,2023-01-10 13:55:24,545c68be54078ffb,1,1,1,1,-1,-1,-1,-1,5
8397095,51,3,1,2023-01-10 13:59:58,2023-01-10 14:02:17,bcf83c2f1b8f0a67,3,2,3,1,-1,-1,-1,-1,2
8887695,51,3,2,2023-01-10 14:14:27,2023-01-10 14:17:07,8c497219b0690a7f,5,3,3,4,-1,-1,-1,-1,4
5115809,48,3,1,2023-01-10 14:20:26,2023-01-10 14:21:39,a3c1162825d76fb0,5,5,5,5,-1,-1,-1,-1,2
10125557,52,3,2,2023-01-10 14:25:38,2023-01-10 14:26:57,cdd8eb1ae983bede,3,4,2,3,-1,-1,-1,-1,3
653144,52,3,3,2023-01-10 14:29:10,2023-01-10 14:29:54,977fa7d4dc8f54f9,3,3,4,4,-1,-1,-1,-1,1
7046571,49,3,2,2023-01-10 15:20:26,2023-01-10 15:21:50,f2a77063dd360612,3,3,3,2,-1,-1,-1,-1,5
6976809,53,3,1,2023-01-10 15:31:56,2023-01-10 15:40:36,c832da4212a4f7d4,1,1,1,1,-1,-1,-1,-1,1
7208267,54,3,1,2023-01-10 15:53:21,2023-01-10 15:54:53,0054b512937b8935,1,1,1,1,-1,-1,-1,-1,5
8705605,53,3,3,2023-01-10 15:47:23,2023-01-10 16:01:00,ebc54147be579e2d,1,1,5,3,-1,-1,-1,-1,2
10956533,54,3,2,2023-01-10 16:00:35,2023-01-10 16:01:45,471caec01627de76,1,1,1,2,-1,-1,-1,-1,5
8893443,54,3,3,2023-01-10 16:02:08,2023-01-10 16:04:06,62c780fe00436c62,3,1,1,1,-1,-1,-1,-1,4
6622923,55,3,1,2023-01-10 16:03:53,2023-01-10 16:06:11,3abaa3ecc8b2f2e2,1,1,3,1,-1,-1,-1,-1,4
10847505,55,3,2,2023-01-10 16:05:00,2023-01-10 16:07:36,c10d825aae28dcf1,1,1,1,1,-1,-1,-1,-1,4
10970727,55,3,3,2023-01-10 16:09:55,2023-01-10 16:12:01,2486b2a4ac82db52,4,3,1,2,-1,-1,-1,-1,4
11334307,56,3,1,2023-01-10 16:15:55,2023-01-10 16:19:47,1f3107e70bc3d19b,5,5,3,4,-1,-1,-1,-1,2
4367109,52,3,1,2023-01-10 16:28:27,2023-01-10 16:30:54,d98db63176b6cc1b,4,4,4,3,-1,-1,-1,-1,2
8696121,56,3,3,2023-01-10 16:39:07,2023-01-10 16:40:46,58f5bf1d2eac6a19,2,2,1,1,-1,-1,-1,-1,4
11283205,53,3,2,2023-01-10 17:42:48,2023-01-10 17:45:24,2ff08c77bcc128ea,4,4,4,4,-1,-1,-1,-1,3
2390750,59,3,1,2023-01-10 17:55:07,2023-01-10 17:55:40,1f2577bb0b68d573,1,1,2,1,-1,-1,-1,-1,4
11008717,58,3,3,2023-01-10 17:51:33,2023-01-10 18:05:48,10db90ba7157db81,4,3,3,1,-1,-1,-1,-1,4
9399967,59,3,2,2023-01-10 18:10:27,2023-01-10 18:13:13,7f732d93137605e9,1,4,4,2,-1,-1,-1,-1,2
6796689,60,3,1,2023-01-10 18:15:00,2023-01-10 18:17:05,61ef65596d574fd2,3,2,4,3,-1,-1,-1,-1,5
11324327,60,3,3,2023-01-10 18:16:50,2023-01-10 18:17:17,81633e855b7d4cb3,3,3,4,2,-1,-1,-1,-1,3
11342711,60,3,2,2023-01-10 18:19:43,2023-01-10 18:20:57,5554f2333e29f83e,5,5,4,5,-1,-1,-1,-1,2
10740147,61,3,1,2023-01-10 19:57:20,2023-01-10 19:58:18,6b3defdacc5e60bf,5,1,4,4,-1,-1,-1,-1,2
8149733,58,3,2,2023-01-10 19:56:55,2023-01-10 20:00:32,f597204348442a3d,3,4,4,2,-1,-1,-1,-1,4
760809,61,3,2,2023-01-10 19:59:18,2023-01-10 20:02:33,e1ae0b64f8e48d7e,4,4,4,4,-1,-1,-1,-1,2
11141351,62,3,1,2023-01-10 20:04:37,2023-01-10 20:06:43,b1fe0938b638d9d1,2,3,3,3,-1,-1,-1,-1,2
11342787,61,3,3,2023-01-10 20:03:15,2023-01-10 20:10:38,c6f064acfde9bf30,5,5,4,3,-1,-1,-1,-1,4
3523035,59,3,3,2023-01-10 20:12:49,2023-01-10 20:13:47,cd1e8c9e8bbac722,1,3,2,2,-1,-1,-1,-1,2
8493325,62,3,3,2023-01-10 20:18:50,2023-01-10 20:20:52,396c1e03383380c7,4,3,3,4,-1,-1,-1,-1,3
11312497,62,3,2,2023-01-10 20:19:05,2023-01-10 20:21:41,2598cab2d5ee6c7a,5,2,1,2,-1,-1,-1,-1,1
10623283,51,3,3,2023-01-10 20:41:08,2023-01-10 20:43:01,b466d88fff28ccaa,1,2,1,1,-1,-1,-1,-1,4
11055191,63,3,2,2023-01-10 20:54:02,2023-01-10 20:54:50,b3d7ef62f3a6e6bb,1,2,2,2,-1,-1,-1,-1,2
8396359,56,3,2,2023-01-10 20:48:55,2023-01-10 20:55:12,1c812db12332eb97,5,1,3,1,-1,-1,-1,-1,5
3285687,63,3,3,2023-01-10 20:56:58,2023-01-10 20:59:33,be3dceb3f903a140,4,5,5,5,-1,-1,-1,-1,4
11343457,64,3,1,2023-01-10 20:57:53,2023-01-10 21:01:04,e47d285dcf73aa37,4,4,4,4,-1,-1,-1,-1,1
6686947,64,3,2,2023-01-10 22:32:06,2023-01-10 22:33:29,979b4edb53e31bc6,5,4,5,5,-1,-1,-1,-1,1
7313717,58,3,1,2023-01-10 22:31:34,2023-01-10 22:33:39,84c646c2eb3c87e0,5,1,1,1,-1,-1,-1,-1,5
11093713,64,3,3,2023-01-10 22:32:13,2023-01-10 22:34:08,9b68d3787ddb5643,3,2,3,2,-1,-1,-1,-1,5
11120707,65,3,2,2023-01-10 22:48:29,2023-01-10 22:51:22,8f66b16b7e55e279,5,4,1,1,-1,-1,-1,-1,4
9764505,65,3,3,2023-01-10 22:49:25,2023-01-10 22:51:41,dbda8b387e317a5a,2,1,1,1,-1,-1,-1,-1,5
6911493,57,3,1,2023-01-11 00:41:57,2023-01-11 00:43:12,5837d8ce7eecd0ff,3,1,1,1,-1,-1,-1,-1,5
9148847,57,3,2,2023-01-11 00:45:24,2023-01-11 00:49:56,505dc1682185606f,2,2,3,3,-1,-1,-1,-1,5
7906207,57,3,3,2023-01-11 00:52:02,2023-01-11 00:54:09,747a335da07f66e9,1,1,1,1,-1,-1,-1,-1,5
11332201,65,3,1,2023-01-11 01:00:39,2023-01-11 01:02:12,5d5fc73ca796c54f,2,1,2,1,-1,-1,-1,-1,2
11077115,66,3,1,2023-01-11 01:02:24,2023-01-11 01:06:02,b09cc0ab35c0f8d1,3,1,1,1,-1,-1,-1,-1,5
10698177,66,3,3,2023-01-11 01:11:08,2023-01-11 01:12:42,23142200fd89aee2,1,1,1,3,-1,-1,-1,-1,5
9961419,67,3,2,2023-01-11 01:14:18,2023-01-11 01:14:41,e675eb0a86d374be,2,1,1,1,-1,-1,-1,-1,5
11121679,66,3,2,2023-01-11 01:10:53,2023-01-11 01:14:51,20f597e7dedbc517,3,3,1,1,-1,-1,-1,-1,2
2571164,67,3,1,2023-01-11 01:14:02,2023-01-11 01:15:52,b41f80385f0c4337,1,1,1,1,-1,-1,-1,-1,2
10707927,67,3,3,2023-01-11 03:09:12,2023-01-11 03:10:47,54c468cf8162637a,2,1,1,1,-1,-1,-1,-1,5
9878839,68,3,2,2023-01-11 03:27:20,2023-01-11 03:28:49,521da76ed86239e9,5,5,5,5,-1,-1,-1,-1,2
8992143,69,3,1,2023-01-11 03:34:50,2023-01-11 03:35:31,e6599b8ab1165e70,5,4,4,5,-1,-1,-1,-1,5
4503809,68,3,3,2023-01-11 03:34:14,2023-01-11 03:36:21,0465db18eb443b9b,5,5,5,5,-1,-1,-1,-1,1
2986121,69,3,3,2023-01-11 03:48:55,2023-01-11 03:53:35,3bba9d7c51d65fcc,4,3,2,2,-1,-1,-1,-1,3
5133915,70,3,1,2023-01-11 03:52:49,2023-01-11 03:54:53,9bb2ab597d1111ac,4,3,3,3,-1,-1,-1,-1,3
10714771,70,3,2,2023-01-11 03:54:10,2023-01-11 03:56:48,ab773fc0e85dcb63,1,1,1,1,-1,-1,-1,-1,3
5697589,70,3,3,2023-01-11 04:02:24,2023-01-11 04:04:37,b6b3317ad45b4656,5,5,5,4,-1,-1,-1,-1,2
2176810,71,3,1,2023-01-11 04:21:21,2023-01-11 04:23:20,aee435841a460dca,4,3,1,2,-1,-1,-1,-1,4
11332765,68,3,1,2023-01-11 05:58:11,2023-01-11 06:00:52,553a0aff2de0defc,1,2,1,3,-1,-1,-1,-1,1
11258597,69,3,2,2023-01-11 06:08:33,2023-01-11 06:10:07,95d35f0ebea0907b,2,1,1,2,-1,-1,-1,-1,5
11349059,72,3,1,2023-01-11 06:23:40,2023-01-11 06:24:47,2db0d6942f42dadd,1,1,1,1,-1,-1,-1,-1,5
6868395,71,3,2,2023-01-11 07:35:45,2023-01-11 07:37:15,75b3ac41ede8b5c2,2,4,3,3,-1,-1,-1,-1,4
11316575,63,3,1,2023-01-11 09:31:41,2023-01-11 09:34:12,fd59c3b3d4596c05,5,3,2,1,-1,-1,-1,-1,4
9720865,71,3,3,2023-01-11 09:42:29,2023-01-11 09:42:57,74ff3055fa574699,2,4,3,2,-1,-1,-1,-1,3
5133573,72,3,2,2023-01-11 10:04:31,2023-01-11 10:08:54,143612ffb451ae29,1,3,1,1,-1,-1,-1,-1,4
8761581,72,3,3,2023-01-11 10:08:07,2023-01-11 10:09:19,2471d95415854839,5,5,2,5,-1,-1,-1,-1,1
11304223,73,3,1,2023-01-11 10:09:55,2023-01-11 10:11:49,ffb4f6d0b44af672,4,5,4,5,-1,-1,-1,-1,1
11065553,73,3,2,2023-01-11 10:20:53,2023-01-11 10:24:24,6542abb19ec20322,1,5,2,3,-1,-1,-1,-1,3
11163479,73,3,3,2023-01-11 10:36:28,2023-01-11 10:41:16,69b3485da77d1fa1,2,1,1,1,-1,-1,-1,-1,4
7681795,74,3,1,2023-01-11 10:41:41,2023-01-11 10:43:14,d3dd5c82a00a72b3,3,2,1,1,-1,-1,-1,-1,3
10188943,75,3,2,2023-01-11 14:14:27,2023-01-11 14:20:20,2afa23d5e3aa4f99,5,3,1,1,-1,-1,-1,-1,5
6971665,74,3,3,2023-01-11 15:19:02,2023-01-11 15:20:55,d68305e251ba0295,5,2,2,2,-1,-1,-1,-1,4
11130641,74,3,2,2023-01-11 17:08:32,2023-01-11 17:10:20,5f4a17cf72bf6bd2,5,4,4,5,-1,-1,-1,-1,1
6274263,75,3,1,2023-01-11 17:09:07,2023-01-11 17:10:35,4f218870581f5bd1,3,2,1,2,-1,-1,-1,-1,4
7689313,76,3,1,2023-01-11 17:09:43,2023-01-11 17:11:39,7667ed3d3642a178,4,3,1,1,-1,-1,-1,-1,5
9602297,76,3,2,2023-01-11 17:21:25,2023-01-11 17:22:03,8b52d81cb0a0e0f9,1,1,1,1,-1,-1,-1,-1,5
3098791,76,3,3,2023-01-11 17:23:03,2023-01-11 17:24:50,6f1e34679ca6beec,1,1,1,1,-1,-1,-1,-1,5
11353237,77,3,1,2023-01-11 17:28:39,2023-01-11 17:30:58,b3351cbd248ee2f4,2,3,1,1,-1,-1,-1,-1,5
10977795,77,3,3,2023-01-11 17:36:52,2023-01-11 17:38:16,fd46c4f80e274f39,4,1,3,1,-1,-1,-1,-1,5
11334803,78,3,1,2023-01-11 17:37:51,2023-01-11 17:38:59,213bb6b440fbc295,1,3,1,1,-1,-1,-1,-1,5
6821017,78,3,2,2023-01-11 17:40:09,2023-01-11 17:42:15,831fa11096708d90,3,1,1,1,-1,-1,-1,-1,5
11327091,83,3,1,2023-01-11 17:41:45,2023-01-11 17:44:45,28dbd712e0f607ee,4,4,1,1,-1,-1,-1,-1,5
9807357,83,3,2,2023-01-11 17:50:45,2023-01-11 17:51:59,c5cfe1b401b4609f,4,2,1,2,-1,-1,-1,-1,4
11353955,75,3,3,2023-01-11 20:01:11,2023-01-11 20:02:21,3a0b3198896bff33,5,3,3,4,-1,-1,-1,-1,1
11355007,77,3,2,2023-01-11 20:04:55,2023-01-11 20:07:41,dd89925ecb8c4520,2,4,5,4,-1,-1,-1,-1,5
9571881,83,3,3,2023-01-11 20:29:54,2023-01-11 20:32:59,cae2972167db5cff,1,1,2,1,-1,-1,-1,-1,5
6358195,79,3,2,2023-01-11 20:57:56,2023-01-11 21:00:03,73d33bee083305bd,4,3,4,5,-1,-1,-1,-1,2
809282,79,3,3,2023-01-11 21:13:57,2023-01-11 21:16:24,47dc393eddddad9d,5,3,4,3,-1,-1,-1,-1,3
11346903,80,3,1,2023-01-11 21:28:56,2023-01-11 21:31:13,e6b9b3d63a80e62e,3,1,1,1,-1,-1,-1,-1,5
11355781,80,3,2,2023-01-11 21:41:20,2023-01-11 21:42:45,9b7a63ac442f77e3,5,4,5,5,-1,-1,-1,-1,3
4866653,81,3,2,2023-01-11 23:52:16,2023-01-11 23:54:00,6bd80026925728bf,4,2,3,4,-1,-1,-1,-1,3
3910039,82,3,1,2023-01-12 00:50:14,2023-01-12 00:52:29,68d457480e1b02ba,1,1,1,1,-1,-1,-1,-1,5
10859449,82,3,2,2023-01-12 00:50:27,2023-01-12 00:53:44,6dee20797d409289,3,2,1,4,-1,-1,-1,-1,5
7952365,81,3,1,2023-01-12 01:30:58,2023-01-12 01:32:08,fad29b7ea33181eb,4,5,1,4,-1,-1,-1,-1,1
11279049,84,3,3,2023-01-12 02:19:44,2023-01-12 02:20:57,543a38ee3865b0fe,3,3,4,4,-1,-1,-1,-1,4
5743049,84,3,2,2023-01-12 02:25:59,2023-01-12 02:27:57,d5f382ced2292c97,2,1,2,2,-1,-1,-1,-1,5
10675409,81,3,3,2023-01-12 02:33:42,2023-01-12 02:34:18,6138ebb74d2f0314,4,3,3,2,-1,-1,-1,-1,2
4973581,79,3,1,2023-01-12 03:02:11,2023-01-12 03:05:01,450a3519583317b7,2,2,1,1,-1,-1,-1,-1,5
11114067,85,3,1,2023-01-12 03:09:24,2023-01-12 03:13:25,6567b158959e6767,4,3,1,1,-1,-1,-1,-1,4
847580,78,3,3,2023-01-12 03:19:31,2023-01-12 03:20:48,65b78578671088a7,3,5,2,2,-1,-1,-1,-1,3
3011649,86,3,1,2023-01-12 03:23:36,2023-01-12 03:25:36,8b035b6c8bce25e9,5,2,1,1,-1,-1,-1,-1,5
11289433,85,3,3,2023-01-12 03:23:07,2023-01-12 03:25:54,6c25e80ab1515787,2,3,2,2,-1,-1,-1,-1,3
5225631,80,3,3,2023-01-12 03:31:12,2023-01-12 03:34:19,6e863381861515cd,3,3,2,2,-1,-1,-1,-1,2
4470171,86,3,2,2023-01-12 03:33:42,2023-01-12 03:34:48,ae11332309360ae9,5,3,3,3,-1,-1,-1,-1,2
11337437,86,3,3,2023-01-12 03:36:26,2023-01-12 03:37:48,631f8bb452e5a42a,1,1,1,1,-1,-1,-1,-1,1
11359653,87,3,1,2023-01-12 03:54:36,2023-01-12 03:56:48,1ba7c1d40aaadaa9,3,3,4,4,-1,-1,-1,-1,5
10854747,84,3,1,2023-01-12 06:05:43,2023-01-12 06:08:36,21d351cd5592a3e5,3,1,1,1,-1,-1,-1,-1,5
9094279,87,3,2,2023-01-12 06:11:19,2023-01-12 06:12:28,6ccbdb9483675218,3,3,2,2,-1,-1,-1,-1,2
11114449,82,3,3,2023-01-12 06:08:30,2023-01-12 06:21:49,6ea472364adeec9c,4,2,1,1,-1,-1,-1,-1,5
11360481,87,3,3,2023-01-12 06:26:55,2023-01-12 06:28:43,7f3782d97ae79883,3,2,1,1,-1,-1,-1,-1,4
9715847,88,3,1,2023-01-12 06:35:58,2023-01-12 06:38:15,29217b3943d2a2ba,1,1,1,1,-1,-1,-1,-1,4
7859379,85,3,2,2023-01-12 11:04:21,2023-01-12 11:06:21,3bc842ab81785098,3,2,2,1,-1,-1,-1,-1,1
9511947,88,3,2,2023-01-12 11:24:35,2023-01-12 11:26:11,aa4e2983f32793fc,4,3,3,3,-1,-1,-1,-1,3
1916206,89,3,3,2023-01-12 19:16:32,2023-01-12 19:18:57,b2c03dc6c471e42b,1,2,2,1,-1,-1,-1,-1,5
1637814,90,3,1,2023-01-12 19:17:15,2023-01-12 19:19:03,906cc2dd7994b5ee,3,2,1,1,-1,-1,-1,-1,5
11364325,90,3,2,2023-01-12 21:07:08,2023-01-12 21:09:25,726621e7c6ef8b0a,1,1,1,5,-1,-1,-1,-1,5
2844917,88,3,3,2023-01-12 21:12:50,2023-01-12 21:14:40,664a0052a363411c,4,3,2,1,-1,-1,-1,-1,5
9425883,89,3,1,2023-01-12 21:17:21,2023-01-12 21:19:27,ea3cae48462bf3ca,4,2,1,1,-1,-1,-1,-1,5
10572303,89,3,2,2023-01-12 21:22:24,2023-01-12 21:24:29,7d04a8d7f4c3a61b,2,2,1,4,-1,-1,-1,-1,2
1307239,91,3,1,2023-01-12 21:37:24,2023-01-12 21:39:00,ec65b16e09ef475b,3,2,1,1,-1,-1,-1,-1,5
2060981,91,3,2,2023-01-12 21:57:50,2023-01-12 21:59:04,1b8a9c568c2fbde3,4,4,2,2,-1,-1,-1,-1,3
11366789,92,3,2,2023-01-12 23:02:41,2023-01-12 23:04:41,23064994b963f4fe,4,2,3,4,-1,-1,-1,-1,5
10143183,91,3,3,2023-01-13 01:08:25,2023-01-13 01:10:24,cdda49cc3ed39b85,4,2,4,1,-1,-1,-1,-1,5
9686375,92,3,1,2023-01-13 01:13:00,2023-01-13 01:14:22,1371991a7343c430,2,2,3,3,-1,-1,-1,-1,5
8662085,92,3,3,2023-01-13 01:22:47,2023-01-13 01:37:10,07459ebf069d1b58,1,1,1,1,-1,-1,-1,-1,4
10515105,93,3,1,2023-01-13 02:03:28,2023-01-13 02:05:42,ab00f6572c1f4920,5,4,4,5,-1,-1,-1,-1,1
4976773,93,3,3,2023-01-13 02:14:28,2023-01-13 02:16:20,be32c0b6da2dae72,1,1,1,1,-1,-1,-1,-1,5
3333611,93,3,2,2023-01-13 02:14:13,2023-01-13 02:17:41,6187e18228df72ba,1,2,2,1,-1,-1,-1,-1,4
11290359,90,3,3,2023-01-13 08:58:55,2023-01-13 09:00:40,10c83ffa163e690e,5,2,1,1,-1,-1,-1,-1,5
11374481,95,3,1,2023-01-13 16:29:38,2023-01-13 16:30:31,d15896afdd6d3e8b,3,1,1,1,-1,-1,-1,-1,5
10432099,96,3,1,2023-01-13 16:32:07,2023-01-13 16:33:50,0a943474d17d6a04,2,3,3,2,-1,-1,-1,-1,4
6634253,95,3,3,2023-01-13 16:31:11,2023-01-13 16:34:05,81a1c33ceb0f610d,4,2,1,2,-1,-1,-1,-1,5
11312453,95,3,2,2023-01-13 16:40:51,2023-01-13 16:41:52,591a127a2c800cf1,5,4,1,2,-1,-1,-1,-1,4
4622557,96,3,2,2023-01-13 16:39:28,2023-01-13 16:42:55,666e8324f846ef50,2,3,1,2,-1,-1,-1,-1,2
11369461,94,3,1,2023-01-13 19:59:20,2023-01-13 20:01:45,218c44c957468a88,5,5,5,5,-1,-1,-1,-1,1
2310382,94,3,2,2023-01-13 20:03:38,2023-01-13 20:05:28,7affe29a913402fe,4,5,4,3,-1,-1,-1,-1,4
11374519,94,3,3,2023-01-13 20:11:20,2023-01-13 20:12:32,a9e673ebe1fdbf5a,4,3,3,3,-1,-1,-1,-1,3
11378239,97,3,1,2023-01-14 00:07:32,2023-01-14 00:09:45,2affe89c5fef2910,2,1,1,1,-1,-1,-1,-1,5
11366597,97,3,2,2023-01-14 00:20:13,2023-01-14 00:23:15,8e1cd7b6bc3b3067,4,5,3,3,-1,-1,-1,-1,5
11148547,97,3,3,2023-01-16 12:32:35,2023-01-16 12:34:10,4f70947542c6b561,5,5,5,5,-1,-1,-1,-1,4
8964547,96,3,3,2023-01-16 12:36:19,2023-01-16 12:37:03,9e96a148a7d00e1a,2,5,5,5,-1,-1,-1,-1,4
10371319,98,3,3,2023-01-16 13:00:21,2023-01-16 13:01:41,f8454c2e5696a1aa,4,4,5,4,-1,-1,-1,-1,4
9510531,99,3,3,2023-01-17 09:57:09,2023-01-17 09:57:51,a06d914831c3a986,5,1,3,1,-1,-1,-1,-1,5
10845039,100,3,1,2023-01-17 09:57:18,2023-01-17 09:59:56,db8f8f895610d7dc,3,5,5,5,-1,-1,-1,-1,1
9526193,100,3,3,2023-01-17 10:10:55,2023-01-17 10:11:22,95d0b783e7ebcd5a,2,1,2,3,-1,-1,-1,-1,1
9012565,100,3,2,2023-01-17 10:11:51,2023-01-17 10:15:22,1e684803e74a3027,3,1,1,1,-1,-1,-1,-1,5
7680833,99,3,2,2023-01-17 10:23:55,2023-01-17 10:24:49,837672be0e0447d0,1,2,4,4,-1,-1,-1,-1,5
4782669,98,3,2,2023-01-17 10:30:25,2023-01-17 10:32:27,fc67df81b00a24f5,2,5,5,5,-1,-1,-1,-1,4
10773165,98,3,1,2023-01-17 11:03:37,2023-01-17 11:10:01,65a3f0184d928bc8,5,2,2,2,-1,-1,-1,-1,5
10268607,99,3,1,2023-01-17 11:33:58,2023-01-17 11:35:06,b88e777d0d38858c,2,3,3,3,-1,-1,-1,-1,1
